label,cohort,n,wr_5b,avg_5b,median_5b,sharpe_5b,wr_10b,avg_10b,median_10b,sharpe_10b,wr_15b,avg_15b,median_15b,sharpe_15b,wr_30b,avg_30b,median_30b,sharpe_30b,category,signal_id,score_tier,combo_name,gap_bars,combo_type,n_signals,filter
category=exhaustion,raw_family,152490,0.5016919364146687,0.19243809348932375,0.25,0.005687166853186196,0.49914745153589885,-0.02632735237795441,0.0,-0.0005467706750385828,0.4996720838416034,0.13680334212148637,0.0,0.002307893012201728,0.5017022086074687,0.317634094024887,0.25,0.0037536955201773127,exhaustion,,,,,,,
category=absorption,raw_family,901,0.462819089900111,-0.8102108768035516,-1.5,-0.010691167280573947,0.4738598442714127,-1.0725806451612903,-1.25,-0.011161604654715456,0.4638487208008899,-4.164905450500556,-3.0,-0.03796285437374061,0.4560622914349277,-5.7791991101223585,-4.25,-0.04170393957155045,absorption,,,,,,,
category=absorption | signal_id=ABS_04,raw_signal,41,0.5365853658536586,49.94512195121951,16.25,0.36915133908201153,0.6341463414634146,50.72560975609756,17.75,0.3432425998244713,0.5853658536585366,43.0609756097561,21.0,0.2958875729399474,0.5365853658536586,31.853658536585368,3.5,0.19423463561194182,absorption,ABS_04,,,,,,
category=exhaustion | signal_id=EXH_04,raw_signal,466,0.48283261802575106,0.1400214592274678,-0.5,0.005662216846953666,0.5042918454935622,1.5665236051502145,0.375,0.04128525012922738,0.4892703862660944,-1.8293991416309012,-0.25,-0.034295140915512015,0.463519313304721,3.4163090128755367,-3.0,0.038614438003270954,exhaustion,EXH_04,,,,,,
category=exhaustion | signal_id=EXH_02,raw_signal,9735,0.49419619928094505,-0.04275808936825886,-0.25,-0.001256108986204324,0.5012327922745018,0.73356276967331,0.25,0.014922916779535868,0.5018491884117526,0.21263098417916582,0.25,0.0035015749105074255,0.49984585345802074,0.04601274278080362,0.0,0.0005337612526334075,exhaustion,EXH_02,,,,,,
category=exhaustion | signal_id=EXH_03,raw_signal,62716,0.5038428421086201,0.2831225882578053,0.25,0.008219422498863206,0.50061390780221,0.040725208489467896,0.25,0.0008428322394369206,0.5003348748206028,0.304102216552384,0.25,0.005152542855145553,0.5016188455956235,0.8243871513102282,0.25,0.009833175235061825,exhaustion,EXH_03,,,,,,
category=exhaustion | signal_id=EXH_05,raw_signal,27134,0.4960197538144026,0.1399074961303162,0.0,0.0041313149988804945,0.4972911215125493,-0.008679467806729813,0.0,-0.00017969173568769202,0.5008477075040543,0.35694014447884415,0.25,0.0059216706094000334,0.5030595694485402,0.5952337068711294,0.5,0.007002312158432049,exhaustion,EXH_05,,,,,,
category=exhaustion | signal_id=EXH_01,raw_signal,52439,0.5036137226110338,0.1552947233928946,0.25,0.004689680746166959,0.4979213547427438,-0.2708627331324612,0.0,-0.005671288751679341,0.497959417194294,-0.17378327866351362,0.0,-0.002953631745460516,0.5017835002384359,-0.40920362422508344,0.25,-0.004813378004169379,exhaustion,EXH_01,,,,,,
category=absorption | signal_id=ABS_03,raw_signal,858,0.4592074592074592,-2.837121212121212,-1.75,-0.04048546201045216,0.4661214953271028,-3.229264018691589,-1.5,-0.03514833907452888,0.45794392523364486,-6.071261682242991,-3.625,-0.056870237910849004,0.45210280373831774,-7.201810747663552,-4.625,-0.052750082359429656,absorption,ABS_03,,,,,,
category=absorption | signal_id=ABS_01,raw_signal,2,0.5,-171.75,-171.75,-0.6989674225541844,0.5,-139.875,-139.875,-0.6304800702372484,0.5,-156.375,-156.375,-0.5666819879976752,0.5,-168.375,-168.375,-0.48719838069477217,absorption,ABS_01,,,,,,
category=absorption | score_tier=TYPE_B,raw_score_tier,45,0.5777777777777777,40.705555555555556,6.0,0.23930907285636788,0.5555555555555556,35.28888888888889,2.75,0.18985227960754802,0.5333333333333333,33.8,4.25,0.18469822673938355,0.5333333333333333,25.011111111111113,3.0,0.1224265950817119,absorption,,TYPE_B,,,,,
category=exhaustion | score_tier=TYPE_B,raw_score_tier,6234,0.5017645171639397,1.197345203721527,0.25,0.02233671112298888,0.5049727301892846,0.7990054539621431,0.5,0.011026364785416489,0.5038498556304138,1.8520211742059673,0.75,0.02273085617712027,0.507218479307026,2.7919473853063845,1.0,0.02617043063521742,exhaustion,,TYPE_B,,,,,
category=exhaustion | score_tier=QUIET,raw_score_tier,78199,0.5050192457704062,0.31834486374506066,0.25,0.013039374061126863,0.5006457883093134,0.13943272931878925,0.25,0.004131164530177101,0.49980178774664635,0.16794971802708475,0.0,0.0039296384523650795,0.5012789686396889,0.3012770501867294,0.25,0.0047282904949279315,exhaustion,,QUIET,,,,,
category=exhaustion | score_tier=TYPE_C,raw_score_tier,66026,0.49811435062476334,-0.020215827338129495,0.0,-0.0005352946149780421,0.49662986019599825,-0.2586071098589843,0.0,-0.004646269300935814,0.49914413390896006,-0.07264258123153829,0.0,-0.00104508148011984,0.5013864266557571,0.03520614573389699,0.25,0.0003536510320733078,exhaustion,,TYPE_C,,,,,
category=exhaustion | score_tier=TYPE_A,raw_score_tier,2031,0.4896551724137931,-0.827216748768473,0.0,-0.009347035600579291,0.5054187192118227,-1.391871921182266,0.75,-0.01202562275436826,0.49901477832512314,0.4807881773399015,0.0,0.0037947587456506355,0.5113300492610837,2.5311576354679803,1.75,0.016268809825587045,exhaustion,,TYPE_A,,,,,
category=absorption | score_tier=TYPE_C,raw_score_tier,478,0.47280334728033474,-2.9576359832635983,-1.0,-0.042551675566252625,0.49789915966386555,-1.5877100840336134,-0.125,-0.016517394084412343,0.4831932773109244,-7.112920168067227,-2.875,-0.06095780673919429,0.46218487394957986,-9.931722689075631,-4.25,-0.06590539489199919,absorption,,TYPE_C,,,,,
category=absorption | score_tier=QUIET,raw_score_tier,320,0.453125,-1.21171875,-2.125,-0.020174022839748423,0.446875,-1.83515625,-2.5,-0.027633576853625594,0.45,-0.840625,-2.625,-0.0112742262480612,0.46875,0.65625,-3.5,0.0067163228417428476,absorption,,QUIET,,,,,
category=absorption | score_tier=TYPE_A,raw_score_tier,58,0.3448275862068966,-13.107758620689655,-6.25,-0.166836269811069,0.3620689655172414,-20.849137931034484,-11.0,-0.1664778773648659,0.3275862068965517,-27.767241379310345,-16.5,-0.21076551327151644,0.27586206896551724,-31.094827586206897,-34.875,-0.19333025640116497,absorption,,TYPE_A,,,,,
score_tier=TYPE_B,exhaustion_type_ab,6234,0.5017645171639397,1.197345203721527,0.25,0.02233671112298888,0.5049727301892846,0.7990054539621431,0.5,0.011026364785416489,0.5038498556304138,1.8520211742059673,0.75,0.02273085617712027,0.507218479307026,2.7919473853063845,1.0,0.02617043063521742,,,TYPE_B,,,,,
score_tier=TYPE_A,exhaustion_type_ab,2031,0.4896551724137931,-0.827216748768473,0.0,-0.009347035600579291,0.5054187192118227,-1.391871921182266,0.75,-0.01202562275436826,0.49901477832512314,0.4807881773399015,0.0,0.0037947587456506355,0.5113300492610837,2.5311576354679803,1.75,0.016268809825587045,,,TYPE_A,,,,,
category=exhaustion,family_event_baseline,86054,0.5012318133221773,0.15274194672988425,0.25,0.004414607632619541,0.49917489831493317,0.012071470075537478,0.0,0.00024777180802991596,0.49973851499761757,0.12363010912640766,0.0,0.002065977499062862,0.5017784080342198,0.27813488004463455,0.25,0.0032529619734655937,exhaustion,,,,,,,
category=absorption,family_event_baseline,901,0.462819089900111,-0.8102108768035516,-1.5,-0.010691167280573947,0.4738598442714127,-1.0725806451612903,-1.25,-0.011161604654715456,0.4638487208008899,-4.164905450500556,-3.0,-0.03796285437374061,0.4560622914349277,-5.7791991101223585,-4.25,-0.04170393957155045,absorption,,,,,,,
exhaustion_then_absorption_5 gap=5,sequence_gap,51,0.47058823529411764,12.838235294117647,-0.5,0.11833162455044138,0.5294117647058824,7.75,4.0,0.05729281456234612,0.5294117647058824,4.426470588235294,2.25,0.03378376855616773,0.47058823529411764,-17.397058823529413,-1.0,-0.09262772433393164,,,,exhaustion_then_absorption_5,5.0,,,
exhaustion_then_absorption_5 gap=3,sequence_gap,142,0.5,11.595070422535212,0.125,0.12153637280336727,0.4859154929577465,7.357394366197183,-0.125,0.065900892067494,0.44366197183098594,1.278169014084507,-3.125,0.010353256346287622,0.44366197183098594,3.602112676056338,-5.25,0.023098647410940143,,,,exhaustion_then_absorption_5,3.0,,,
exhaustion_then_absorption_5 gap=1,sequence_gap,283,0.4840989399293286,0.450530035335689,-1.0,0.007112405798766987,0.45936395759717313,-1.392226148409894,-2.5,-0.01461725891874684,0.45936395759717313,-5.560070671378092,-2.75,-0.04829774563302271,0.48056537102473496,-4.565371024734982,-2.75,-0.03612804597959613,,,,exhaustion_then_absorption_5,1.0,,,
exhaustion_then_absorption_5 gap=2,sequence_gap,194,0.4639175257731959,-8.994845360824742,-1.375,-0.11146594091826183,0.49740932642487046,-5.034974093264249,-0.25,-0.053480375331172406,0.49740932642487046,-4.168393782383419,0.0,-0.037501423316905126,0.46113989637305697,-4.060880829015544,-2.25,-0.02788143710818657,,,,exhaustion_then_absorption_5,2.0,,,
exhaustion_then_absorption_5 gap=4,sequence_gap,86,0.43023255813953487,-11.55232558139535,-2.125,-0.16861355900133645,0.49411764705882355,-11.123529411764705,-1.25,-0.14036182797671207,0.49411764705882355,-14.226470588235294,-1.75,-0.15849029838885736,0.4823529411764706,-6.9676470588235295,-1.75,-0.06454904508456927,,,,exhaustion_then_absorption_5,4.0,,,
exhaustion_then_absorption_10 gap=9,sequence_gap,10,0.6,30.6,12.375,0.37139322941630803,0.5,13.75,0.25,0.13545528929546885,0.4,13.075,-13.25,0.1413659178053069,0.5,18.575,-5.125,0.14389475911783603,,,,exhaustion_then_absorption_10,9.0,,,
exhaustion_then_absorption_10 gap=10,sequence_gap,14,0.42857142857142855,-1.4821428571428572,-2.125,-0.04683403064672829,0.5714285714285714,9.767857142857142,4.875,0.26057557176118257,0.5714285714285714,0.125,6.0,0.0021603819552601863,0.42857142857142855,8.964285714285714,-4.5,0.08624541019503713,,,,exhaustion_then_absorption_10,10.0,,,
exhaustion_then_absorption_10 gap=5,sequence_gap,51,0.47058823529411764,12.838235294117647,-0.5,0.11833162455044138,0.5294117647058824,7.75,4.0,0.05729281456234612,0.5294117647058824,4.426470588235294,2.25,0.03378376855616773,0.47058823529411764,-17.397058823529413,-1.0,-0.09262772433393164,,,,exhaustion_then_absorption_10,5.0,,,
exhaustion_then_absorption_10 gap=3,sequence_gap,142,0.5,11.595070422535212,0.125,0.12153637280336727,0.4859154929577465,7.357394366197183,-0.125,0.065900892067494,0.44366197183098594,1.278169014084507,-3.125,0.010353256346287622,0.44366197183098594,3.602112676056338,-5.25,0.023098647410940143,,,,exhaustion_then_absorption_10,3.0,,,
exhaustion_then_absorption_10 gap=1,sequence_gap,283,0.4840989399293286,0.450530035335689,-1.0,0.007112405798766987,0.45936395759717313,-1.392226148409894,-2.5,-0.01461725891874684,0.45936395759717313,-5.560070671378092,-2.75,-0.04829774563302271,0.48056537102473496,-4.565371024734982,-2.75,-0.03612804597959613,,,,exhaustion_then_absorption_10,1.0,,,
exhaustion_then_absorption_10 gap=2,sequence_gap,194,0.4639175257731959,-8.994845360824742,-1.375,-0.11146594091826183,0.49740932642487046,-5.034974093264249,-0.25,-0.053480375331172406,0.49740932642487046,-4.168393782383419,0.0,-0.037501423316905126,0.46113989637305697,-4.060880829015544,-2.25,-0.02788143710818657,,,,exhaustion_then_absorption_10,2.0,,,
exhaustion_then_absorption_10 gap=6,sequence_gap,49,0.3673469387755102,-6.030612244897959,-4.25,-0.13318399208889947,0.4897959183673469,-5.86734693877551,-0.5,-0.09710728020912283,0.40816326530612246,-7.448979591836735,-8.0,-0.10246200317010278,0.40816326530612246,-26.23469387755102,-13.25,-0.15729702983892702,,,,exhaustion_then_absorption_10,6.0,,,
exhaustion_then_absorption_10 gap=8,sequence_gap,21,0.42857142857142855,-21.75,-5.25,-0.23164824410196214,0.42857142857142855,-6.392857142857143,-0.5,-0.07078289845225438,0.42857142857142855,-4.892857142857143,-5.75,-0.04619974668363118,0.5238095238095238,-12.952380952380953,2.25,-0.09915138833637016,,,,exhaustion_then_absorption_10,8.0,,,
exhaustion_then_absorption_10 gap=4,sequence_gap,86,0.43023255813953487,-11.55232558139535,-2.125,-0.16861355900133645,0.49411764705882355,-11.123529411764705,-1.25,-0.14036182797671207,0.49411764705882355,-14.226470588235294,-1.75,-0.15849029838885736,0.4823529411764706,-6.9676470588235295,-1.75,-0.06454904508456927,,,,exhaustion_then_absorption_10,4.0,,,
exhaustion_then_absorption_10 gap=7,sequence_gap,25,0.24,-9.61,-9.5,-0.5094852379033081,0.24,-11.4,-9.5,-0.11334834912723124,0.16,-17.31,-15.75,-0.16134577961277563,0.12,-39.78,-24.75,-0.3338396717347522,,,,exhaustion_then_absorption_10,7.0,,,
exhaustion_then_absorption_30 gap=11,sequence_gap,7,0.5714285714285714,35.75,3.75,0.35866568972960217,0.5714285714285714,68.78571428571429,5.5,0.6802404002636123,0.5714285714285714,50.75,8.75,0.46137475779004816,0.7142857142857143,43.035714285714285,11.75,0.4390997339802073,,,,exhaustion_then_absorption_30,11.0,,,
exhaustion_then_absorption_30 gap=20,sequence_gap,1,0.0,-14.75,-14.75,0.0,1.0,19.5,19.5,0.0,1.0,31.25,31.25,0.0,1.0,26.5,26.5,0.0,,,,exhaustion_then_absorption_30,20.0,,,
exhaustion_then_absorption_30 gap=18,sequence_gap,1,1.0,1.25,1.25,0.0,1.0,17.5,17.5,0.0,1.0,48.5,48.5,0.0,1.0,6.5,6.5,0.0,,,,exhaustion_then_absorption_30,18.0,,,
exhaustion_then_absorption_30 gap=9,sequence_gap,10,0.6,30.6,12.375,0.37139322941630803,0.5,13.75,0.25,0.13545528929546885,0.4,13.075,-13.25,0.1413659178053069,0.5,18.575,-5.125,0.14389475911783603,,,,exhaustion_then_absorption_30,9.0,,,
exhaustion_then_absorption_30 gap=10,sequence_gap,14,0.42857142857142855,-1.4821428571428572,-2.125,-0.04683403064672829,0.5714285714285714,9.767857142857142,4.875,0.26057557176118257,0.5714285714285714,0.125,6.0,0.0021603819552601863,0.42857142857142855,8.964285714285714,-4.5,0.08624541019503713,,,,exhaustion_then_absorption_30,10.0,,,
exhaustion_then_absorption_30 gap=12,sequence_gap,4,0.5,13.8125,1.625,0.4815298621809163,0.5,8.875,0.25,0.4348170418451672,1.0,9.1875,10.5,1.7758597237165832,0.5,-1.1875,8.25,-0.023425961406178017,,,,exhaustion_then_absorption_30,12.0,,,
exhaustion_then_absorption_30 gap=5,sequence_gap,51,0.47058823529411764,12.838235294117647,-0.5,0.11833162455044138,0.5294117647058824,7.75,4.0,0.05729281456234612,0.5294117647058824,4.426470588235294,2.25,0.03378376855616773,0.47058823529411764,-17.397058823529413,-1.0,-0.09262772433393164,,,,exhaustion_then_absorption_30,5.0,,,
exhaustion_then_absorption_30 gap=3,sequence_gap,142,0.5,11.595070422535212,0.125,0.12153637280336727,0.4859154929577465,7.357394366197183,-0.125,0.065900892067494,0.44366197183098594,1.278169014084507,-3.125,0.010353256346287622,0.44366197183098594,3.602112676056338,-5.25,0.023098647410940143,,,,exhaustion_then_absorption_30,3.0,,,
exhaustion_then_absorption_30 gap=1,sequence_gap,283,0.4840989399293286,0.450530035335689,-1.0,0.007112405798766987,0.45936395759717313,-1.392226148409894,-2.5,-0.01461725891874684,0.45936395759717313,-5.560070671378092,-2.75,-0.04829774563302271,0.48056537102473496,-4.565371024734982,-2.75,-0.03612804597959613,,,,exhaustion_then_absorption_30,1.0,,,
exhaustion_then_absorption_30 gap=2,sequence_gap,194,0.4639175257731959,-8.994845360824742,-1.375,-0.11146594091826183,0.49740932642487046,-5.034974093264249,-0.25,-0.053480375331172406,0.49740932642487046,-4.168393782383419,0.0,-0.037501423316905126,0.46113989637305697,-4.060880829015544,-2.25,-0.02788143710818657,,,,exhaustion_then_absorption_30,2.0,,,
exhaustion_then_absorption_30 gap=6,sequence_gap,49,0.3673469387755102,-6.030612244897959,-4.25,-0.13318399208889947,0.4897959183673469,-5.86734693877551,-0.5,-0.09710728020912283,0.40816326530612246,-7.448979591836735,-8.0,-0.10246200317010278,0.40816326530612246,-26.23469387755102,-13.25,-0.15729702983892702,,,,exhaustion_then_absorption_30,6.0,,,
exhaustion_then_absorption_30 gap=8,sequence_gap,21,0.42857142857142855,-21.75,-5.25,-0.23164824410196214,0.42857142857142855,-6.392857142857143,-0.5,-0.07078289845225438,0.42857142857142855,-4.892857142857143,-5.75,-0.04619974668363118,0.5238095238095238,-12.952380952380953,2.25,-0.09915138833637016,,,,exhaustion_then_absorption_30,8.0,,,
exhaustion_then_absorption_30 gap=4,sequence_gap,86,0.43023255813953487,-11.55232558139535,-2.125,-0.16861355900133645,0.49411764705882355,-11.123529411764705,-1.25,-0.14036182797671207,0.49411764705882355,-14.226470588235294,-1.75,-0.15849029838885736,0.4823529411764706,-6.9676470588235295,-1.75,-0.06454904508456927,,,,exhaustion_then_absorption_30,4.0,,,
exhaustion_then_absorption_30 gap=7,sequence_gap,25,0.24,-9.61,-9.5,-0.5094852379033081,0.24,-11.4,-9.5,-0.11334834912723124,0.16,-17.31,-15.75,-0.16134577961277563,0.12,-39.78,-24.75,-0.3338396717347522,,,,exhaustion_then_absorption_30,7.0,,,
exhaustion_then_absorption_30 gap=23,sequence_gap,1,0.0,-10.25,-10.25,0.0,0.0,-11.5,-11.5,0.0,0.0,-17.0,-17.0,0.0,0.0,-6.0,-6.0,0.0,,,,exhaustion_then_absorption_30,23.0,,,
exhaustion_then_absorption_30 gap=19,sequence_gap,1,1.0,1.75,1.75,0.0,0.0,-13.75,-13.75,0.0,1.0,2.75,2.75,0.0,0.0,-33.25,-33.25,0.0,,,,exhaustion_then_absorption_30,19.0,,,
exhaustion_then_absorption_30 gap=13,sequence_gap,2,0.0,-19.0,-19.0,-3.5826743580118405,0.0,-14.0,-14.0,-0.8999540851465151,0.5,-16.5,-16.5,-0.5364258340035878,0.0,-40.125,-40.125,-1.0270646007279716,,,,exhaustion_then_absorption_30,13.0,,,
exhaustion_then_absorption_30 gap=14,sequence_gap,4,0.5,5.125,2.25,0.36143343948522005,0.5,-16.1875,-0.75,-0.41013130061421754,0.25,-29.875,-14.5,-0.5349858473181968,0.5,-10.6875,19.625,-0.13589524605586956,,,,exhaustion_then_absorption_30,14.0,,,
exhaustion_then_absorption_30 gap=15,sequence_gap,2,0.5,-7.125,-7.125,-0.6200782542712802,0.0,-18.25,-18.25,-1.0982722346088931,0.5,-0.125,-0.125,-0.020203050891044214,0.5,2.5,2.5,0.18130943107347372,,,,exhaustion_then_absorption_30,15.0,,,
exhaustion_then_absorption_30 gap=16,sequence_gap,3,0.6666666666666666,11.75,19.75,0.8349043779321752,0.0,-20.0,-21.25,-2.3007892341722034,0.0,-33.666666666666664,-40.5,-2.793257060147399,0.0,-27.75,-20.5,-1.1240830536560755,,,,exhaustion_then_absorption_30,16.0,,,
absorption_then_exhaustion_5 gap=5,sequence_gap,301,0.521594684385382,3.3380398671096345,1.0,0.06332310171533259,0.47840531561461797,2.138704318936877,-1.75,0.034140191542353475,0.49169435215946844,0.1511627906976744,-0.25,0.002010356583073936,0.49169435215946844,0.904485049833887,-0.5,0.009269234410144045,,,,absorption_then_exhaustion_5,5.0,,,
absorption_then_exhaustion_5 gap=2,sequence_gap,345,0.45217391304347826,-4.506521739130434,-2.25,-0.08481658180192088,0.5,-2.5050872093023258,0.0,-0.03743180231081905,0.48255813953488375,-10.451308139534884,-0.75,-0.11387754056704917,0.4622093023255814,-9.996366279069768,-3.875,-0.0735646959402511,,,,absorption_then_exhaustion_5,2.0,,,
absorption_then_exhaustion_5 gap=4,sequence_gap,309,0.4854368932038835,-2.205501618122977,-0.25,-0.03972394404530255,0.4919093851132686,-2.5331715210355985,-0.5,-0.037460587194003414,0.4919093851132686,-2.5258899676375406,-0.25,-0.031078965289342106,0.4886731391585761,-3.6189320388349513,-1.0,-0.030648051792406438,,,,absorption_then_exhaustion_5,4.0,,,
absorption_then_exhaustion_5 gap=3,sequence_gap,336,0.4732142857142857,-1.7552083333333333,-1.125,-0.03021120718836513,0.46726190476190477,-2.6108630952380953,-1.0,-0.034891872086416115,0.49702380952380953,-0.28943452380952384,0.0,-0.003507756320076474,0.47619047619047616,-7.277529761904762,-2.375,-0.05496942442235173,,,,absorption_then_exhaustion_5,3.0,,,
absorption_then_exhaustion_5 gap=1,sequence_gap,330,0.48484848484848486,-6.346969696969697,-0.375,-0.08502390994335192,0.49696969696969695,-5.202272727272727,0.0,-0.05794684119929534,0.4575757575757576,-6.653030303030303,-2.5,-0.06679515474533239,0.4818181818181818,-3.7075757575757575,-5.125,-0.026927551102685382,,,,absorption_then_exhaustion_5,1.0,,,
absorption_then_exhaustion_10 gap=5,sequence_gap,301,0.521594684385382,3.3380398671096345,1.0,0.06332310171533259,0.47840531561461797,2.138704318936877,-1.75,0.034140191542353475,0.49169435215946844,0.1511627906976744,-0.25,0.002010356583073936,0.49169435215946844,0.904485049833887,-0.5,0.009269234410144045,,,,absorption_then_exhaustion_10,5.0,,,
absorption_then_exhaustion_10 gap=8,sequence_gap,315,0.5111111111111111,-1.8984126984126983,1.0,-0.02573089350973474,0.5015873015873016,-0.6428571428571429,0.25,-0.00780967475359717,0.526984126984127,-1.0587301587301587,1.5,-0.011936875122428381,0.48253968253968255,-1.8746031746031746,-1.75,-0.016579711870782866,,,,absorption_then_exhaustion_10,8.0,,,
absorption_then_exhaustion_10 gap=10,sequence_gap,302,0.4735099337748344,-4.332781456953643,-1.125,-0.06862385278978474,0.4602649006622517,-1.9975165562913908,-1.25,-0.02622168514817839,0.49337748344370863,-0.35844370860927155,-1.25,-0.004532136922107751,0.49337748344370863,-1.0298013245033113,-2.375,-0.009602036731530605,,,,absorption_then_exhaustion_10,10.0,,,
absorption_then_exhaustion_10 gap=2,sequence_gap,345,0.45217391304347826,-4.506521739130434,-2.25,-0.08481658180192088,0.5,-2.5050872093023258,0.0,-0.03743180231081905,0.48255813953488375,-10.451308139534884,-0.75,-0.11387754056704917,0.4622093023255814,-9.996366279069768,-3.875,-0.0735646959402511,,,,absorption_then_exhaustion_10,2.0,,,
absorption_then_exhaustion_10 gap=4,sequence_gap,309,0.4854368932038835,-2.205501618122977,-0.25,-0.03972394404530255,0.4919093851132686,-2.5331715210355985,-0.5,-0.037460587194003414,0.4919093851132686,-2.5258899676375406,-0.25,-0.031078965289342106,0.4886731391585761,-3.6189320388349513,-1.0,-0.030648051792406438,,,,absorption_then_exhaustion_10,4.0,,,
absorption_then_exhaustion_10 gap=3,sequence_gap,336,0.4732142857142857,-1.7552083333333333,-1.125,-0.03021120718836513,0.46726190476190477,-2.6108630952380953,-1.0,-0.034891872086416115,0.49702380952380953,-0.28943452380952384,0.0,-0.003507756320076474,0.47619047619047616,-7.277529761904762,-2.375,-0.05496942442235173,,,,absorption_then_exhaustion_10,3.0,,,
absorption_then_exhaustion_10 gap=9,sequence_gap,303,0.47854785478547857,0.5635313531353136,-0.5,0.011505427118419224,0.47194719471947194,-3.272277227722772,-1.75,-0.048309807171088626,0.48514851485148514,-1.976897689768977,-0.5,-0.026543190422244456,0.48184818481848185,-7.047029702970297,-2.0,-0.07110936480919888,,,,absorption_then_exhaustion_10,9.0,,,
absorption_then_exhaustion_10 gap=7,sequence_gap,312,0.5032051282051282,0.47836538461538464,0.25,0.010664005691141336,0.4583333333333333,-4.878205128205129,-2.25,-0.08142174496624179,0.49038461538461536,-2.2796474358974357,-1.5,-0.03014378010468895,0.5128205128205128,-2.8421474358974357,0.875,-0.023591825702924417,,,,absorption_then_exhaustion_10,7.0,,,
absorption_then_exhaustion_10 gap=1,sequence_gap,330,0.48484848484848486,-6.346969696969697,-0.375,-0.08502390994335192,0.49696969696969695,-5.202272727272727,0.0,-0.05794684119929534,0.4575757575757576,-6.653030303030303,-2.5,-0.06679515474533239,0.4818181818181818,-3.7075757575757575,-5.125,-0.026927551102685382,,,,absorption_then_exhaustion_10,1.0,,,
absorption_then_exhaustion_10 gap=6,sequence_gap,318,0.4811320754716981,-4.734276729559748,-0.375,-0.08962727705408012,0.46855345911949686,-10.025943396226415,-2.5,-0.12240376391267606,0.48742138364779874,-9.961477987421384,-1.875,-0.1158867019256432,0.46226415094339623,-13.984276729559749,-2.875,-0.11143262553472835,,,,absorption_then_exhaustion_10,6.0,,,
absorption_then_exhaustion_30 gap=26,sequence_gap,258,0.4883720930232558,1.5377906976744187,-0.875,0.03700953243960765,0.5155038759689923,2.641472868217054,0.375,0.04884614792511802,0.5155038759689923,3.643410852713178,1.25,0.060563758439546485,0.46124031007751937,0.48546511627906974,-3.375,0.0060268870376386716,,,,absorption_then_exhaustion_30,26.0,,,
absorption_then_exhaustion_30 gap=5,sequence_gap,301,0.521594684385382,3.3380398671096345,1.0,0.06332310171533259,0.47840531561461797,2.138704318936877,-1.75,0.034140191542353475,0.49169435215946844,0.1511627906976744,-0.25,0.002010356583073936,0.49169435215946844,0.904485049833887,-0.5,0.009269234410144045,,,,absorption_then_exhaustion_30,5.0,,,
absorption_then_exhaustion_30 gap=25,sequence_gap,266,0.4849624060150376,2.0159774436090228,-0.75,0.03560216206292326,0.4849624060150376,1.4548872180451127,-0.5,0.02330092059745076,0.48872180451127817,-0.0009398496240601503,-1.375,-1.215400331973182e-05,0.45864661654135336,-2.720864661654135,-4.5,-0.027750747843313255,,,,absorption_then_exhaustion_30,25.0,,,
absorption_then_exhaustion_30 gap=22,sequence_gap,248,0.5,0.008064516129032258,0.125,0.0002762173726991772,0.5201612903225806,0.9163306451612904,2.125,0.013329890104538803,0.532258064516129,0.8185483870967742,2.375,0.010419224848930068,0.4879032258064516,-3.653225806451613,-2.875,-0.034841404021115546,,,,absorption_then_exhaustion_30,22.0,,,
absorption_then_exhaustion_30 gap=17,sequence_gap,272,0.4852941176470588,-1.6084558823529411,-0.75,-0.05523382959371072,0.5183823529411765,0.8097426470588235,1.125,0.02100667136868629,0.5257352941176471,2.9181985294117645,1.5,0.04092602215434601,0.48161764705882354,2.2426470588235294,-1.625,0.022691186986591755,,,,absorption_then_exhaustion_30,17.0,,,
absorption_then_exhaustion_30 gap=30,sequence_gap,287,0.5087108013937283,0.8597560975609756,0.5,0.02455955630080977,0.49477351916376305,-0.22996515679442509,-0.5,-0.00502756739000937,0.4634146341463415,-1.6280487804878048,-2.0,-0.02955678268507625,0.4738675958188153,-5.618466898954704,-4.25,-0.05992724900240417,,,,absorption_then_exhaustion_30,30.0,,,
absorption_then_exhaustion_30 gap=19,sequence_gap,266,0.5037593984962406,3.348684210526316,0.5,0.10650719284097115,0.48872180451127817,-0.40601503759398494,-0.75,-0.006636080557918607,0.5,-1.8740601503759398,0.125,-0.022273521467095533,0.4548872180451128,-3.8966165413533833,-6.0,-0.03984174859622247,,,,absorption_then_exhaustion_30,19.0,,,
absorption_then_exhaustion_30 gap=24,sequence_gap,264,0.4772727272727273,-1.7443181818181819,-1.0,-0.06233406657335087,0.5,-0.4128787878787879,0.125,-0.006738132325209505,0.5227272727272727,1.714962121212121,1.375,0.0243321081028839,0.5151515151515151,1.089962121212121,0.875,0.012315718362845117,,,,absorption_then_exhaustion_30,24.0,,,
absorption_then_exhaustion_30 gap=8,sequence_gap,315,0.5111111111111111,-1.8984126984126983,1.0,-0.02573089350973474,0.5015873015873016,-0.6428571428571429,0.25,-0.00780967475359717,0.526984126984127,-1.0587301587301587,1.5,-0.011936875122428381,0.48253968253968255,-1.8746031746031746,-1.75,-0.016579711870782866,,,,absorption_then_exhaustion_30,8.0,,,
absorption_then_exhaustion_30 gap=14,sequence_gap,291,0.48109965635738833,-1.4871134020618557,-1.0,-0.04370311073903664,0.47766323024054985,-0.7482817869415808,-0.75,-0.017324306488266376,0.47079037800687284,-0.6254295532646048,-1.75,-0.011500707432384088,0.4845360824742268,0.002577319587628866,-2.0,2.9084574248473847e-05,,,,absorption_then_exhaustion_30,14.0,,,
absorption_then_exhaustion_30 gap=15,sequence_gap,272,0.45588235294117646,-3.770220588235294,-1.75,-0.09097667183800535,0.4889705882352941,-0.8639705882352942,-0.5,-0.016968039479728816,0.4852941176470588,4.741727941176471,-1.0,0.06565419443386754,0.4632352941176471,6.802389705882353,-3.5,0.07049184528776986,,,,absorption_then_exhaustion_30,15.0,,,
absorption_then_exhaustion_30 gap=27,sequence_gap,265,0.5056603773584906,-1.6981132075471699,0.5,-0.060477303652782255,0.5283018867924528,-0.9216981132075471,1.25,-0.018963512573841913,0.5207547169811321,1.1075471698113208,2.5,0.018848450795861914,0.5056603773584906,0.10566037735849057,1.25,0.0013556905117928762,,,,absorption_then_exhaustion_30,27.0,,,
absorption_then_exhaustion_30 gap=20,sequence_gap,271,0.5202952029520295,-0.36162361623616235,1.25,-0.007397971795264892,0.4870848708487085,-1.0922509225092252,-0.5,-0.015678881871545584,0.4944649446494465,-1.731549815498155,-0.25,-0.021281285956887323,0.4797047970479705,-2.7878228782287824,-1.75,-0.03119399075328104,,,,absorption_then_exhaustion_30,20.0,,,
absorption_then_exhaustion_30 gap=29,sequence_gap,269,0.49814126394052044,0.8131970260223048,0.0,0.029388030276043572,0.483271375464684,-1.4804832713754648,-1.0,-0.03482838672927316,0.4684014869888476,-3.79089219330855,-2.0,-0.07449978382520833,0.4721189591078067,-9.925650557620818,-5.0,-0.13024341431876849,,,,absorption_then_exhaustion_30,29.0,,,
absorption_then_exhaustion_30 gap=16,sequence_gap,282,0.49645390070921985,0.08421985815602837,0.0,0.0019366907907748389,0.5,-1.6391843971631206,0.0,-0.031375635674815154,0.44680851063829785,-7.1888297872340425,-2.625,-0.0894519865633569,0.46808510638297873,-8.938829787234043,-4.875,-0.08841360863610387,,,,absorption_then_exhaustion_30,16.0,,,
absorption_then_exhaustion_30 gap=10,sequence_gap,302,0.4735099337748344,-4.332781456953643,-1.125,-0.06862385278978474,0.4602649006622517,-1.9975165562913908,-1.25,-0.02622168514817839,0.49337748344370863,-0.35844370860927155,-1.25,-0.004532136922107751,0.49337748344370863,-1.0298013245033113,-2.375,-0.009602036731530605,,,,absorption_then_exhaustion_30,10.0,,,
absorption_then_exhaustion_30 gap=2,sequence_gap,345,0.45217391304347826,-4.506521739130434,-2.25,-0.08481658180192088,0.5,-2.5050872093023258,0.0,-0.03743180231081905,0.48255813953488375,-10.451308139534884,-0.75,-0.11387754056704917,0.4622093023255814,-9.996366279069768,-3.875,-0.0735646959402511,,,,absorption_then_exhaustion_30,2.0,,,
absorption_then_exhaustion_30 gap=4,sequence_gap,309,0.4854368932038835,-2.205501618122977,-0.25,-0.03972394404530255,0.4919093851132686,-2.5331715210355985,-0.5,-0.037460587194003414,0.4919093851132686,-2.5258899676375406,-0.25,-0.031078965289342106,0.4886731391585761,-3.6189320388349513,-1.0,-0.030648051792406438,,,,absorption_then_exhaustion_30,4.0,,,
absorption_then_exhaustion_30 gap=3,sequence_gap,336,0.4732142857142857,-1.7552083333333333,-1.125,-0.03021120718836513,0.46726190476190477,-2.6108630952380953,-1.0,-0.034891872086416115,0.49702380952380953,-0.28943452380952384,0.0,-0.003507756320076474,0.47619047619047616,-7.277529761904762,-2.375,-0.05496942442235173,,,,absorption_then_exhaustion_30,3.0,,,
absorption_then_exhaustion_30 gap=23,sequence_gap,280,0.48214285714285715,-2.8151785714285715,-0.625,-0.045374304213375266,0.48214285714285715,-2.7142857142857144,-2.0,-0.034324262601994324,0.4785714285714286,-0.8026785714285715,-0.875,-0.009033933693866274,0.49642857142857144,-6.376785714285714,-0.75,-0.061100579224470264,,,,absorption_then_exhaustion_30,23.0,,,
absorption_then_exhaustion_30 gap=28,sequence_gap,261,0.4367816091954023,-4.939655172413793,-2.75,-0.08224100910353124,0.46360153256704983,-2.7863984674329503,-0.75,-0.04157947158077057,0.46360153256704983,-2.5201149425287355,-4.75,-0.03570308934378214,0.4904214559386973,-2.018199233716475,-1.0,-0.021936390100572488,,,,absorption_then_exhaustion_30,28.0,,,
absorption_then_exhaustion_30 gap=21,sequence_gap,251,0.5059760956175299,-0.44721115537848605,0.25,-0.01575345568042871,0.5059760956175299,-2.9252988047808763,0.25,-0.05905621920941596,0.47410358565737054,-1.5179282868525896,-2.0,-0.02518847538040193,0.4701195219123506,-1.6384462151394423,-4.75,-0.021095796384858433,,,,absorption_then_exhaustion_30,21.0,,,
absorption_then_exhaustion_30 gap=18,sequence_gap,286,0.46853146853146854,-1.3208041958041958,-1.25,-0.04172043127151958,0.513986013986014,-2.9597902097902096,1.375,-0.04965653357114592,0.513986013986014,-3.5673076923076925,0.625,-0.04813026741978156,0.5034965034965035,-0.8076923076923077,0.375,-0.009744414468284729,,,,absorption_then_exhaustion_30,18.0,,,
absorption_then_exhaustion_30 gap=13,sequence_gap,300,0.4866666666666667,-0.8091666666666667,-0.5,-0.021912844413312153,0.5233333333333333,-3.0541666666666667,1.0,-0.05686231819044502,0.47,-2.8833333333333333,-1.5,-0.05054097459678214,0.48,-7.113333333333333,-3.125,-0.08847769864864412,,,,absorption_then_exhaustion_30,13.0,,,
absorption_then_exhaustion_30 gap=9,sequence_gap,303,0.47854785478547857,0.5635313531353136,-0.5,0.011505427118419224,0.47194719471947194,-3.272277227722772,-1.75,-0.048309807171088626,0.48514851485148514,-1.976897689768977,-0.5,-0.026543190422244456,0.48184818481848185,-7.047029702970297,-2.0,-0.07110936480919888,,,,absorption_then_exhaustion_30,9.0,,,
absorption_then_exhaustion_30 gap=12,sequence_gap,273,0.4468864468864469,-3.011904761904762,-2.25,-0.0766847436436567,0.46886446886446886,-4.541208791208791,-1.0,-0.08543441758719385,0.46886446886446886,-4.7133699633699635,-2.25,-0.0743511001046752,0.4432234432234432,-3.5631868131868134,-5.75,-0.03756863435343831,,,,absorption_then_exhaustion_30,12.0,,,
absorption_then_exhaustion_30 gap=7,sequence_gap,312,0.5032051282051282,0.47836538461538464,0.25,0.010664005691141336,0.4583333333333333,-4.878205128205129,-2.25,-0.08142174496624179,0.49038461538461536,-2.2796474358974357,-1.5,-0.03014378010468895,0.5128205128205128,-2.8421474358974357,0.875,-0.023591825702924417,,,,absorption_then_exhaustion_30,7.0,,,
absorption_then_exhaustion_30 gap=11,sequence_gap,327,0.45871559633027525,-2.6077981651376145,-1.75,-0.07517553377205655,0.46788990825688076,-4.942660550458716,-1.5,-0.09404102648348608,0.5168195718654435,-3.973241590214067,1.5,-0.05580500570835568,0.4740061162079511,-2.5894495412844036,-2.0,-0.02681903266714907,,,,absorption_then_exhaustion_30,11.0,,,
absorption_then_exhaustion_30 gap=1,sequence_gap,330,0.48484848484848486,-6.346969696969697,-0.375,-0.08502390994335192,0.49696969696969695,-5.202272727272727,0.0,-0.05794684119929534,0.4575757575757576,-6.653030303030303,-2.5,-0.06679515474533239,0.4818181818181818,-3.7075757575757575,-5.125,-0.026927551102685382,,,,absorption_then_exhaustion_30,1.0,,,
absorption_then_exhaustion_30 gap=6,sequence_gap,318,0.4811320754716981,-4.734276729559748,-0.375,-0.08962727705408012,0.46855345911949686,-10.025943396226415,-2.5,-0.12240376391267606,0.48742138364779874,-9.961477987421384,-1.875,-0.1158867019256432,0.46226415094339623,-13.984276729559749,-2.875,-0.11143262553472835,,,,absorption_then_exhaustion_30,6.0,,,
absorption_and_exhaustion_same_bar,same_bar_family,233,0.4592274678111588,-1.082618025751073,-2.5,-0.012723181223241495,0.49137931034482757,1.3642241379310345,-1.25,0.014144509811161403,0.4827586206896552,-0.16163793103448276,-2.125,-0.001488333006680219,0.4827586206896552,0.7068965517241379,-2.5,0.005701130419157435,,,,absorption_and_exhaustion_same_bar,,same_bar_family,2.0,
absorption_all_family_events,absorption_filter,901,0.462819089900111,-0.8102108768035516,-1.5,-0.010691167280573947,0.4738598442714127,-1.0725806451612903,-1.25,-0.011161604654715456,0.4638487208008899,-4.164905450500556,-3.0,-0.03796285437374061,0.4560622914349277,-5.7791991101223585,-4.25,-0.04170393957155045,,,,,,,,baseline
absorption_with_prior_exhaustion_10b,absorption_filter,875,0.4617142857142857,-1.1622857142857144,-1.75,-0.015224997996728945,0.4765177548682703,-1.493413516609393,-0.75,-0.015413686723750408,0.4616265750286369,-4.52233676975945,-3.25,-0.04083766836994339,0.4558991981672394,-6.053264604810996,-4.25,-0.043182155411991566,,,,,,,,prior_exhaustion_10b
trapped_and_absorption_same_bar,trapped_confirmation,665,0.4481203007518797,-2.6650375939849624,-2.0,-0.03932861665575618,0.46766917293233085,-2.7030075187969924,-1.5,-0.028885270103692726,0.46466165413533833,-6.757518796992481,-3.75,-0.06191902753782503,0.45263157894736844,-8.543233082706767,-4.25,-0.060716884907655505,,,,trapped_and_absorption_same_bar,,same_bar_family,2.0,
trapped_then_absorption_within_3b,trapped_confirmation,841,0.4637336504161712,-1.888525564803805,-1.5,-0.026162838212469525,0.47023809523809523,-2.0285714285714285,-1.375,-0.021660228972867037,0.45,-5.80327380952381,-4.0,-0.053720330396234285,0.4452380952380952,-8.564583333333333,-5.5,-0.0620476708677111,,,,trapped_then_absorption_within_3b,,sequence,2.0,
ABS_04 + EXH_03 + TRAP_05,combo_ranking,9,0.7777777777777778,135.94444444444446,138.0,1.1310519272885755,0.8888888888888888,131.08333333333334,119.5,1.1100737754399128,0.8888888888888888,123.05555555555556,96.75,1.0253496101438193,0.8888888888888888,122.27777777777777,143.5,1.0471362253251983,,,,ABS_04 + EXH_03 + TRAP_05,,same_bar_signal_3,3.0,
ABS_04 + TRAP_05,combo_ranking,12,0.5833333333333334,91.3125,94.125,0.6942720812835363,0.6666666666666666,81.0,107.375,0.5906413027837385,0.6666666666666666,78.29166666666667,90.625,0.5924743581987484,0.6666666666666666,82.97916666666667,19.0,0.6697802363765154,,,,ABS_04 + TRAP_05,,same_bar_signal_2,2.0,
ABS_04 + EXH_03,combo_ranking,28,0.5714285714285714,75.89285714285714,21.25,0.48568541640323,0.6785714285714286,78.08035714285714,21.0,0.4626832349788004,0.5714285714285714,67.79464285714286,47.375,0.41058470227196003,0.5714285714285714,55.794642857142854,12.25,0.2983909743421379,,,,ABS_04 + EXH_03,,same_bar_signal_2,2.0,
ABS_04 + EXH_03 + TRAP_04,combo_ranking,13,0.6153846153846154,76.46153846153847,22.0,0.42152316278766366,0.5384615384615384,68.17307692307692,2.75,0.32640739204667757,0.46153846153846156,43.5,-52.25,0.21843455548872273,0.38461538461538464,6.25,-46.25,0.02787788770736715,,,,ABS_04 + EXH_03 + TRAP_04,,same_bar_signal_3,3.0,
ABS_04 + TRAP_04 + TRAP_05,combo_ranking,5,0.6,85.65,112.5,0.6573003742570452,0.6,68.0,104.25,0.5636697406615697,0.6,63.2,86.75,0.6047454062553588,0.6,46.9,16.75,0.49522337243174536,,,,ABS_04 + TRAP_04 + TRAP_05,,same_bar_signal_3,3.0,
ABS_04 + EXH_03 + EXH_05,combo_ranking,12,0.3333333333333333,35.5625,-12.625,0.2667379591873794,0.5833333333333334,45.3125,11.375,0.35606630746414,0.5,36.3125,2.625,0.2614304218523011,0.5,51.041666666666664,2.75,0.3352472069166199,,,,ABS_04 + EXH_03 + EXH_05,,same_bar_signal_3,3.0,
EXH_04 + TRAP_04,combo_ranking,11,0.6363636363636364,24.068181818181817,11.0,0.4168563925745138,0.6363636363636364,44.97727272727273,8.75,0.5028794831628007,0.5454545454545454,42.11363636363637,1.5,0.3995516735632896,0.36363636363636365,2.909090909090909,-27.25,0.032586796070701474,,,,EXH_04 + TRAP_04,,same_bar_signal_2,2.0,
EXH_03 + EXH_04 + TRAP_04,combo_ranking,11,0.6363636363636364,24.068181818181817,11.0,0.4168563925745138,0.6363636363636364,44.97727272727273,8.75,0.5028794831628007,0.5454545454545454,42.11363636363637,1.5,0.3995516735632896,0.36363636363636365,2.909090909090909,-27.25,0.032586796070701474,,,,EXH_03 + EXH_04 + TRAP_04,,same_bar_signal_3,3.0,
ABS_04 + EXH_05 + TRAP_01,combo_ranking,5,0.4,54.7,-5.0,0.3251434957194922,0.6,42.15,7.5,0.22778287458798727,0.2,21.4,-44.5,0.10978123651079445,0.4,34.65,-22.25,0.15353062001328482,,,,ABS_04 + EXH_05 + TRAP_01,,same_bar_signal_3,3.0,
ABS_04 + TRAP_04,combo_ranking,24,0.5416666666666666,39.541666666666664,17.25,0.2843324656122755,0.5416666666666666,35.072916666666664,7.5,0.22069375486946619,0.5416666666666666,20.864583333333332,7.0,0.1363890480174264,0.4166666666666667,-5.583333333333333,-9.0,-0.032485219648793376,,,,ABS_04 + TRAP_04,,same_bar_signal_2,2.0,
ABS_04 + EXH_05 + TRAP_05,combo_ranking,5,0.4,43.1,-15.5,0.32881620239826603,0.6,34.6,17.75,0.26118749884913955,0.6,39.5,41.75,0.2916248655928385,0.6,59.4,7.75,0.47378662324212695,,,,ABS_04 + EXH_05 + TRAP_05,,same_bar_signal_3,3.0,
ABS_04 + EXH_05,combo_ranking,13,0.3076923076923077,29.192307692307693,-14.75,0.22507969408383088,0.5384615384615384,33.73076923076923,7.5,0.26188861826202414,0.46153846153846156,26.076923076923077,-8.25,0.18894717223920887,0.46153846153846156,40.42307692307692,-2.25,0.2682121429864476,,,,ABS_04 + EXH_05,,same_bar_signal_2,2.0,
ABS_04 + EXH_03 + TRAP_01,combo_ranking,9,0.5555555555555556,36.0,16.25,0.2850895523226777,0.6666666666666666,26.666666666666668,5.5,0.2035604875678543,0.2222222222222222,4.888888888888889,-9.75,0.033116456152763145,0.3333333333333333,-35.333333333333336,-46.25,-0.1840412734594251,,,,ABS_04 + EXH_03 + TRAP_01,,same_bar_signal_3,3.0,
ABS_04 + EXH_05 + TRAP_04,combo_ranking,4,0.25,33.5625,-30.375,0.22207606178705702,0.25,21.0625,-33.625,0.15867267821696354,0.25,-7.25,-64.375,-0.050505125053908695,0.25,-17.4375,-48.125,-0.1038316390557351,,,,ABS_04 + EXH_05 + TRAP_04,,same_bar_signal_3,3.0,
EXH_01 + EXH_04 + EXH_05,combo_ranking,28,0.6428571428571429,8.651785714285714,5.5,0.33892233590610765,0.6785714285714286,18.267857142857142,19.5,0.4905117644135167,0.7142857142857143,13.642857142857142,11.75,0.31813343356375245,0.6785714285714286,22.830357142857142,12.125,0.4393579776725312,,,,EXH_01 + EXH_04 + EXH_05,,same_bar_signal_3,3.0,
ABS_01 + EXH_01,combo_ranking,1,1.0,2.0,2.0,0.0,1.0,17.0,17.0,0.0,1.0,38.75,38.75,0.0,1.0,76.0,76.0,0.0,,,,ABS_01 + EXH_01,,same_bar_signal_2,2.0,
ABS_01 + EXH_02,combo_ranking,1,1.0,2.0,2.0,0.0,1.0,17.0,17.0,0.0,1.0,38.75,38.75,0.0,1.0,76.0,76.0,0.0,,,,ABS_01 + EXH_02,,same_bar_signal_2,2.0,
ABS_01 + EXH_04,combo_ranking,1,1.0,2.0,2.0,0.0,1.0,17.0,17.0,0.0,1.0,38.75,38.75,0.0,1.0,76.0,76.0,0.0,,,,ABS_01 + EXH_04,,same_bar_signal_2,2.0,
ABS_01 + EXH_05,combo_ranking,1,1.0,2.0,2.0,0.0,1.0,17.0,17.0,0.0,1.0,38.75,38.75,0.0,1.0,76.0,76.0,0.0,,,,ABS_01 + EXH_05,,same_bar_signal_2,2.0,
ABS_01 + EXH_01 + EXH_02,combo_ranking,1,1.0,2.0,2.0,0.0,1.0,17.0,17.0,0.0,1.0,38.75,38.75,0.0,1.0,76.0,76.0,0.0,,,,ABS_01 + EXH_01 + EXH_02,,same_bar_signal_3,3.0,
ABS_01 + EXH_01 + EXH_04,combo_ranking,1,1.0,2.0,2.0,0.0,1.0,17.0,17.0,0.0,1.0,38.75,38.75,0.0,1.0,76.0,76.0,0.0,,,,ABS_01 + EXH_01 + EXH_04,,same_bar_signal_3,3.0,
ABS_01 + EXH_01 + EXH_05,combo_ranking,1,1.0,2.0,2.0,0.0,1.0,17.0,17.0,0.0,1.0,38.75,38.75,0.0,1.0,76.0,76.0,0.0,,,,ABS_01 + EXH_01 + EXH_05,,same_bar_signal_3,3.0,
ABS_01 + EXH_02 + EXH_04,combo_ranking,1,1.0,2.0,2.0,0.0,1.0,17.0,17.0,0.0,1.0,38.75,38.75,0.0,1.0,76.0,76.0,0.0,,,,ABS_01 + EXH_02 + EXH_04,,same_bar_signal_3,3.0,
ABS_01 + EXH_02 + EXH_05,combo_ranking,1,1.0,2.0,2.0,0.0,1.0,17.0,17.0,0.0,1.0,38.75,38.75,0.0,1.0,76.0,76.0,0.0,,,,ABS_01 + EXH_02 + EXH_05,,same_bar_signal_3,3.0,
ABS_01 + EXH_04 + EXH_05,combo_ranking,1,1.0,2.0,2.0,0.0,1.0,17.0,17.0,0.0,1.0,38.75,38.75,0.0,1.0,76.0,76.0,0.0,,,,ABS_01 + EXH_04 + EXH_05,,same_bar_signal_3,3.0,
EXH_01 + EXH_04 + TRAP_05,combo_ranking,12,0.75,12.229166666666666,12.125,0.36892060836411933,0.6666666666666666,14.020833333333334,24.5,0.3635447277344182,0.5833333333333334,6.291666666666667,9.125,0.12019939510023121,0.5,-12.5,0.125,-0.1850799694678755,,,,EXH_01 + EXH_04 + TRAP_05,,same_bar_signal_3,3.0,
EXH_04 + TRAP_01 + TRAP_05,combo_ranking,12,0.75,12.625,12.125,0.3822617627166076,0.5833333333333334,13.708333333333334,24.5,0.35430772737634486,0.5833333333333334,5.3125,9.125,0.1009657077211989,0.4166666666666667,-15.208333333333334,-16.125,-0.22559808120533265,,,,EXH_04 + TRAP_01 + TRAP_05,,same_bar_signal_3,3.0,
EXH_03 + EXH_04 + TRAP_05,combo_ranking,11,0.5454545454545454,8.386363636363637,1.25,0.29965309125553935,0.7272727272727273,12.954545454545455,5.5,0.3585422641817809,0.6363636363636364,8.045454545454545,6.0,0.12674510356542834,0.45454545454545453,-20.795454545454547,-19.5,-0.1731454587521338,,,,EXH_03 + EXH_04 + TRAP_05,,same_bar_signal_3,3.0,
EXH_04 + TRAP_05,combo_ranking,25,0.68,9.79,5.5,0.33810412870521234,0.64,12.3,5.5,0.3488016885033617,0.56,6.01,4.75,0.11057612985448241,0.44,-16.44,-5.0,-0.18235361593858262,,,,EXH_04 + TRAP_05,,same_bar_signal_2,2.0,
EXH_01 + EXH_02 + EXH_05,combo_ranking,9,0.6666666666666666,14.0,8.25,0.584452130821876,0.6666666666666666,11.416666666666666,10.5,0.3405779650339538,0.6666666666666666,-0.9166666666666666,11.75,-0.02113686102132266,0.7777777777777778,36.361111111111114,16.25,0.8483245715948912,,,,EXH_01 + EXH_02 + EXH_05,,same_bar_signal_3,3.0,
ABS_03 + EXH_01 + TRAP_01,combo_ranking,4,0.5,-4.1875,0.125,-0.18075744220870157,0.5,10.25,19.875,0.19974745515471176,0.75,39.75,39.75,0.5723597988595426,0.5,6.3125,12.75,0.1084131240442236,,,,ABS_03 + EXH_01 + TRAP_01,,same_bar_signal_3,3.0,
TRAP_01 + TRAP_04 + TRAP_05,combo_ranking,521,0.48653846153846153,9.414903846153846,-0.25,0.11054142424675065,0.4846153846153846,9.383173076923077,-0.75,0.09474568413553389,0.49615384615384617,8.774519230769231,-0.25,0.0734121354351103,0.4846153846153846,10.240865384615384,-1.75,0.07261573858723493,,,,TRAP_01 + TRAP_04 + TRAP_05,,same_bar_signal_3,3.0,
EXH_01 + EXH_02 + EXH_04,combo_ranking,21,0.6190476190476191,9.011904761904763,8.75,0.48127929861781016,0.5714285714285714,8.916666666666666,4.25,0.25603325316156844,0.47619047619047616,-34.79761904761905,-1.0,-0.24827429668200923,0.5714285714285714,-34.07142857142857,9.5,-0.21650076839645402,,,,EXH_01 + EXH_02 + EXH_04,,same_bar_signal_3,3.0,
EXH_02 + EXH_03 + TRAP_05,combo_ranking,1,1.0,32.5,32.5,0.0,1.0,8.0,8.0,0.0,1.0,38.25,38.25,0.0,1.0,46.25,46.25,0.0,,,,EXH_02 + EXH_03 + TRAP_05,,same_bar_signal_3,3.0,
EXH_02 + EXH_04,combo_ranking,50,0.54,3.155,1.625,0.14423404437637954,0.52,6.295,3.125,0.1800316185053913,0.54,-13.815,4.5,-0.1437232090493344,0.46,-18.69,-1.75,-0.1659357902456782,,,,EXH_02 + EXH_04,,same_bar_signal_2,2.0,
EXH_02 + EXH_03 + TRAP_01,combo_ranking,9,0.5555555555555556,1.8888888888888888,7.0,0.10289645461798053,0.4444444444444444,6.083333333333333,0.0,0.2575749212093053,0.7777777777777778,10.305555555555555,11.25,0.3779955656764635,0.3333333333333333,-20.27777777777778,-19.0,-0.5089903720909302,,,,EXH_02 + EXH_03 + TRAP_01,,same_bar_signal_3,3.0,
EXH_02 + EXH_04 + TRAP_01,combo_ranking,16,0.625,7.015625,8.625,0.46278554934182287,0.4375,4.78125,-1.75,0.1389909634265732,0.625,-3.09375,7.5,-0.058813645912245686,0.375,-37.875,-19.25,-0.47359014642484376,,,,EXH_02 + EXH_04 + TRAP_01,,same_bar_signal_3,3.0,
ABS_03 + EXH_04 + EXH_05,combo_ranking,1,0.0,-31.5,-31.5,0.0,1.0,4.5,4.5,0.0,1.0,26.25,26.25,0.0,1.0,2.75,2.75,0.0,,,,ABS_03 + EXH_04 + EXH_05,,same_bar_signal_3,3.0,
EXH_02 + EXH_03 + EXH_04,combo_ranking,23,0.5217391304347826,-0.9021739130434783,0.5,-0.03477217731233388,0.4782608695652174,4.315217391304348,-0.75,0.11067322419636111,0.6086956521739131,2.032608695652174,7.75,0.04591632295916935,0.43478260869565216,1.6195652173913044,-1.75,0.02496205245174636,,,,EXH_02 + EXH_03 + EXH_04,,same_bar_signal_3,3.0,
ABS_04 + TRAP_01,combo_ranking,11,0.45454545454545453,18.0,-5.0,0.149948268960815,0.5454545454545454,4.0227272727272725,2.75,0.03152968693091664,0.18181818181818182,-11.068181818181818,-44.5,-0.08086521360146474,0.2727272727272727,-38.20454545454545,-46.25,-0.22136839352303228,,,,ABS_04 + TRAP_01,,same_bar_signal_2,2.0,
TRAP_04 + TRAP_05,combo_ranking,3471,0.4935139809743442,3.538844047275872,0.0,0.053330835340205635,0.5033169887510817,3.9544995673492935,0.25,0.04412798386001519,0.4900490337467551,2.7129362561292183,-0.5,0.02712928664193349,0.5018748197288723,3.8598211710412462,0.5,0.030430696142395134,,,,TRAP_04 + TRAP_05,,same_bar_signal_2,2.0,
EXH_01 + EXH_04,combo_ranking,115,0.5478260869565217,3.4282608695652175,1.25,0.13107602641404806,0.5217391304347826,3.6565217391304348,3.5,0.10200566534736868,0.5130434782608696,-9.232608695652173,1.5,-0.12053320297534358,0.5478260869565217,-7.973913043478261,2.5,-0.0826323354904343,,,,EXH_01 + EXH_04,,same_bar_signal_2,2.0,
EXH_03 + EXH_04 + TRAP_01,combo_ranking,27,0.37037037037037035,-4.675925925925926,-4.75,-0.3089815098073723,0.5185185185185185,3.537037037037037,1.5,0.10175532397610627,0.5555555555555556,3.2777777777777777,4.5,0.0928938589784418,0.4074074074074074,1.787037037037037,-2.5,0.03642940085375688,,,,EXH_03 + EXH_04 + TRAP_01,,same_bar_signal_3,3.0,
EXH_04 + EXH_05,combo_ranking,101,0.48514851485148514,0.5198019801980198,-0.75,0.02164900556892467,0.5445544554455446,3.292079207920792,2.0,0.09581689491874285,0.5742574257425742,2.116336633663366,6.75,0.0547089575253771,0.5544554455445545,13.76980198019802,2.75,0.20296786172584996,,,,EXH_04 + EXH_05,,same_bar_signal_2,2.0,
EXH_02 + EXH_04 + EXH_05,combo_ranking,9,0.4444444444444444,-4.0,-7.25,-0.16205284258984706,0.4444444444444444,3.0833333333333335,-0.25,0.10973698051892176,0.5555555555555556,-3.2777777777777777,7.5,-0.08261254628744412,0.6666666666666666,27.38888888888889,21.25,0.49905186023925313,,,,EXH_02 + EXH_04 + EXH_05,,same_bar_signal_3,3.0,
TRAP_01 + TRAP_04,combo_ranking,1595,0.4839924670433145,1.5944758317639673,-0.25,0.022744048297995197,0.4805276381909548,2.787217336683417,-1.25,0.031255697199146955,0.4993718592964824,3.9803706030150754,0.0,0.03894639623033533,0.4943467336683417,3.080402010050251,-0.75,0.025170269287587886,,,,TRAP_01 + TRAP_04,,same_bar_signal_2,2.0,
EXH_01 + EXH_02,combo_ranking,44,0.5681818181818182,5.471590909090909,1.625,0.18881519757189927,0.5909090909090909,2.539772727272727,4.875,0.058942888902920265,0.5,-24.579545454545453,0.625,-0.22844369131859288,0.5,-32.32954545454545,-0.125,-0.2148905846005719,,,,EXH_01 + EXH_02,,same_bar_signal_2,2.0,
EXH_02 + EXH_05,combo_ranking,1401,0.4825124910778016,0.37044967880085655,-0.75,0.009756126271558307,0.5042857142857143,2.2530357142857143,0.25,0.03773049172591321,0.5142857142857142,2.6133928571428573,1.0,0.03696329038702192,0.501072194424589,0.46783416726233024,0.25,0.004987109739115915,,,,EXH_02 + EXH_05,,same_bar_signal_2,2.0,
EXH_02 + EXH_03 + EXH_05,combo_ranking,7,0.14285714285714285,-16.607142857142858,-22.5,-0.6720266014978877,0.2857142857142857,1.75,-1.0,0.04544305010040053,0.42857142857142855,9.035714285714286,-29.25,0.11484915784000492,0.42857142857142855,-10.321428571428571,-14.25,-0.16785412895667137,,,,EXH_02 + EXH_03 + EXH_05,,same_bar_signal_3,3.0,
EXH_02 + EXH_05 + TRAP_01,combo_ranking,794,0.47732997481108314,0.7219773299748111,-0.75,0.01775538371872211,0.48488664987405544,1.4042821158690175,-0.5,0.022856504181285955,0.49496221662468515,1.2644836272040303,-0.625,0.018464389422340365,0.48297604035308955,-2.8836696090794454,-1.25,-0.031029773765621257,,,,EXH_02 + EXH_05 + TRAP_01,,same_bar_signal_3,3.0,
EXH_03 + EXH_04,combo_ranking,330,0.4727272727272727,-0.8431818181818181,-1.125,-0.03402274833962976,0.5060606060606061,1.025,0.375,0.025842498222324498,0.48787878787878786,0.7037878787878787,-0.25,0.015920620969656005,0.4393939393939394,8.271969696969697,-4.75,0.09467523664965986,,,,EXH_03 + EXH_04,,same_bar_signal_2,2.0,
EXH_04 + EXH_05 + TRAP_01,combo_ranking,15,0.4666666666666667,-4.133333333333334,-2.75,-0.1987606404703936,0.5333333333333333,0.9333333333333333,8.25,0.027877283984225145,0.7333333333333333,7.383333333333334,10.5,0.1585302311189481,0.6,10.583333333333334,2.5,0.186005921027641,,,,EXH_04 + EXH_05 + TRAP_01,,same_bar_signal_3,3.0,
EXH_01 + TRAP_01 + TRAP_04,combo_ranking,720,0.4597222222222222,0.8038194444444444,-1.0,0.012152533625905003,0.46453407510431155,0.5956189151599444,-2.0,0.006649142260517585,0.4951321279554937,1.5462447844228095,-1.0,0.01564598374157607,0.49235048678720444,0.24235048678720444,-0.5,0.0019938474876424017,,,,EXH_01 + TRAP_01 + TRAP_04,,same_bar_signal_3,3.0,
EXH_02 + TRAP_01,combo_ranking,5243,0.47949647148579055,-0.26411405683768835,-0.75,-0.007684471287716765,0.49074957085637994,0.5797253480831585,-0.5,0.011994723622608745,0.4833110814419226,0.06885370970818235,-1.0,0.0011814803662047626,0.4765356734070965,-1.2166157954979016,-1.75,-0.014338395255744858,,,,EXH_02 + TRAP_01,,same_bar_signal_2,2.0,
EXH_03 + TRAP_04 + TRAP_05,combo_ranking,473,0.4799154334038055,6.642177589852008,-0.75,0.07825992388719212,0.48625792811839325,0.32716701902748413,-0.75,0.0030891400940534245,0.48414376321353064,-0.6791754756871036,-1.25,-0.005928523068635264,0.48414376321353064,-3.525369978858351,-2.25,-0.026220236781962867,,,,EXH_03 + TRAP_04 + TRAP_05,,same_bar_signal_3,3.0,
EXH_03 + EXH_05,combo_ranking,16582,0.49969846821855024,0.43829152092630563,0.0,0.012992271455025222,0.4998793872874201,0.0989778072608853,0.0,0.0021031744073497036,0.5015982148241964,0.5584856160665822,0.25,0.009489688520325142,0.5037398962480396,1.2131288454578357,0.5,0.01459614550602604,,,,EXH_03 + EXH_05,,same_bar_signal_2,2.0,
EXH_03 + TRAP_01,combo_ranking,29847,0.4982744178254314,0.23650527726587367,0.0,0.0068614331007515565,0.4942031899209221,0.007907787159898138,-0.25,0.0001602288695847934,0.4912374761250545,0.2359933652782897,-0.5,0.003952923975594088,0.4881024197332261,0.3631191768885314,-1.0,0.00440463715723672,,,,EXH_03 + TRAP_01,,same_bar_signal_2,2.0,
EXH_01 + EXH_03 + EXH_05,combo_ranking,13270,0.49886963074604374,0.49715523737754336,0.0,0.015781435922128564,0.4970610399397136,-0.08468349660889224,0.0,-0.001830106204826412,0.49864355689525247,0.32935192162773175,0.0,0.005699527596272193,0.5026004371749454,0.5811034898620637,0.5,0.007080150262389287,,,,EXH_01 + EXH_03 + EXH_05,,same_bar_signal_3,3.0,
EXH_01 + EXH_05,combo_ranking,14214,0.4997185873082876,0.4203426199521598,0.0,0.013327454821551695,0.4977486984663008,-0.16197059237371605,0.0,-0.003494312695372372,0.499296468270719,0.17829252849303504,0.0,0.0030792628366285665,0.5032017451270143,0.1946379565125607,0.5,0.002328442344464997,,,,EXH_01 + EXH_05,,same_bar_signal_2,2.0,
EXH_03 + EXH_05 + TRAP_01,combo_ranking,8486,0.4939901013433891,0.3450978081546076,-0.25,0.010934620024128077,0.49057270798963,-0.19093212349752534,-0.5,-0.004076971630586775,0.4891586141880745,0.1642705632806976,-0.5,0.002790171187608493,0.4874484384207425,0.35492044784914556,-1.25,0.004387486357820274,,,,EXH_03 + EXH_05 + TRAP_01,,same_bar_signal_3,3.0,
EXH_01 + EXH_03,combo_ranking,46984,0.5036608207049208,0.1865847948237698,0.25,0.0057551419817135725,0.4983504671902603,-0.20079071153395908,0.0,-0.004254862125219355,0.498286541367787,0.02106702709606011,0.0,0.00036334936540119824,0.5011177109280194,0.19160226522748078,0.25,0.0023172796712815497,,,,EXH_01 + EXH_03,,same_bar_signal_2,2.0,
EXH_01 + EXH_03 + TRAP_01,combo_ranking,25135,0.4964392281678934,0.03346926596379551,0.0,0.0010147979595122618,0.4919232911593857,-0.20348929736611762,-0.25,-0.004185266588815707,0.49003302431066725,0.1315501531850555,-0.5,0.0022050395626233986,0.48841929321872013,0.2553824418974849,-1.0,0.003064933653195162,,,,EXH_01 + EXH_03 + TRAP_01,,same_bar_signal_3,3.0,
EXH_01 + TRAP_01,combo_ranking,29220,0.497056810403833,0.08086926762491445,0.0,0.0023924405321397208,0.49211129744344434,-0.2712105137068346,-0.25,-0.00549835542313099,0.49038264083783967,-0.10388288041618181,-0.5,-0.0017114194240648104,0.4897644803505409,-0.5284472134739149,-0.75,-0.00611185449905971,,,,EXH_01 + TRAP_01,,same_bar_signal_2,2.0,
EXH_01 + EXH_05 + TRAP_01,combo_ranking,7959,0.49051388365372534,0.16343133559492398,-0.25,0.005323564302732669,0.4861163462746576,-0.34501821836914187,-0.5,-0.007282704292996392,0.4878753612262847,-0.0049629350420907145,-0.75,-8.277384635537851e-05,0.4884393063583815,-0.30532168886654937,-1.25,-0.003576908987058645,,,,EXH_01 + EXH_05 + TRAP_01,,same_bar_signal_3,3.0,
EXH_05 + TRAP_01,combo_ranking,14260,0.48870967741935484,-0.09612552594670407,-0.25,-0.0029440037746963424,0.48667601683029454,-0.359484572230014,-0.5,-0.00754387644288974,0.48800841514726506,-0.12945301542777,-0.75,-0.0021803673142849604,0.48513115443961286,-0.5257925375227942,-1.25,-0.006196724190559825,,,,EXH_05 + TRAP_01,,same_bar_signal_2,2.0,
EXH_04 + TRAP_01,combo_ranking,98,0.4897959183673469,-1.3112244897959184,-0.5,-0.060679409526579194,0.47959183673469385,-0.5204081632653061,-1.75,-0.015288181362164938,0.5204081632653061,-2.614795918367347,3.0,-0.0646689028856544,0.47959183673469385,-7.60969387755102,-0.625,-0.12367510058022646,,,,EXH_04 + TRAP_01,,same_bar_signal_2,2.0,
EXH_02 + EXH_03,combo_ranking,45,0.4888888888888889,-0.7722222222222223,0.0,-0.030378013438148187,0.4666666666666667,-0.55,-0.75,-0.013355073228931948,0.5333333333333333,2.1222222222222222,4.25,0.039118310126879,0.4444444444444444,-4.65,-3.25,-0.07389079565995038,,,,EXH_02 + EXH_03,,same_bar_signal_2,2.0,
ABS_03 + EXH_05 + TRAP_01,combo_ranking,2,0.5,-33.25,-33.25,-0.4610058916559354,0.5,-0.625,-0.625,-0.010015676787344866,0.5,16.5,16.5,0.20834396231389346,0.5,-4.375,-4.375,-0.07215375318230077,,,,ABS_03 + EXH_05 + TRAP_01,,same_bar_signal_3,3.0,
TRAP_01 + TRAP_05,combo_ranking,16031,0.4805988771054273,-0.44519650655021836,-0.625,-0.012747769808094665,0.4796631316281971,-0.6665315034310667,-1.0,-0.01352197338911062,0.47357913781271443,-0.843065693430657,-1.5,-0.014027091997149481,0.4693584623065402,-1.8662163005491763,-2.75,-0.02184252640779865,,,,TRAP_01 + TRAP_05,,same_bar_signal_2,2.0,
EXH_02 + EXH_05 + TRAP_05,combo_ranking,506,0.4841897233201581,-1.4318181818181819,-0.75,-0.03274489594275213,0.5019762845849802,-0.6724308300395256,0.25,-0.009621477111992861,0.5138339920948617,-1.0256916996047432,1.0,-0.013831750545933753,0.49407114624505927,-2.7040513833992095,-0.25,-0.02727321035088608,,,,EXH_02 + EXH_05 + TRAP_05,,same_bar_signal_3,3.0,
EXH_03 + TRAP_05,combo_ranking,9858,0.4937106918238994,0.13567660783120308,0.0,0.00386196889834221,0.4876242645567052,-0.8769273686346115,-0.5,-0.017323710289182725,0.4833637654696693,-0.9469466423209576,-1.0,-0.015033996585446515,0.4893962455606291,-0.6576610857432775,-0.75,-0.007484150799185051,,,,EXH_03 + TRAP_05,,same_bar_signal_2,2.0,
EXH_04 + EXH_05 + TRAP_05,combo_ranking,5,0.6,-8.15,0.75,-0.2599917460364813,0.6,-0.9,1.75,-0.017321851373193652,0.6,6.4,4.75,0.08646537010360543,0.4,-5.65,-5.0,-0.09946368074499073,,,,EXH_04 + EXH_05 + TRAP_05,,same_bar_signal_3,3.0,
EXH_05 + TRAP_04 + TRAP_05,combo_ranking,227,0.4581497797356828,8.536343612334802,-3.0,0.10804646973373104,0.4845814977973568,-0.9779735682819384,-0.75,-0.009989634022679685,0.46255506607929514,-3.4262114537444934,-2.75,-0.030926020717606608,0.47577092511013214,-6.100220264317181,-3.25,-0.04475014824288104,,,,EXH_05 + TRAP_04 + TRAP_05,,same_bar_signal_3,3.0,
EXH_02 + TRAP_01 + TRAP_05,combo_ranking,1797,0.4785754034501948,-0.9037284362826934,-1.0,-0.03128976551975378,0.48080133555926546,-1.0786032276015582,-1.0,-0.023065010484178926,0.46188091263216474,-1.5844462993878687,-2.0,-0.029489260392386953,0.4607679465776294,-3.788119087367835,-3.5,-0.045084478059856076,,,,EXH_02 + TRAP_01 + TRAP_05,,same_bar_signal_3,3.0,
EXH_03 + TRAP_01 + TRAP_05,combo_ranking,4757,0.485179735127181,-0.17852638217363884,-0.5,-0.0051050213588048916,0.4788732394366197,-1.1725352112676057,-1.0,-0.02283423263598117,0.4689930628547404,-1.0398360311120454,-1.5,-0.01673857444867952,0.4688683214135465,-0.6613904080774085,-2.625,-0.0076586971594968314,,,,EXH_03 + TRAP_01 + TRAP_05,,same_bar_signal_3,3.0,
EXH_02 + TRAP_05,combo_ranking,2966,0.4855023600809171,-0.8076534052596089,-0.5,-0.02677878847016636,0.4908968307484828,-1.2255563047875928,-0.5,-0.025782083393840142,0.48988536749831424,-0.8674140256237357,-0.5,-0.015115914214618978,0.48314227916385705,-1.5225050573162509,-1.5,-0.017961060640064214,,,,EXH_02 + TRAP_05,,same_bar_signal_2,2.0,
EXH_05 + TRAP_05,combo_ranking,5899,0.48058993049669435,-0.6294710967960672,-0.75,-0.016262472314741983,0.48482793693846415,-1.3785811154432954,-0.75,-0.024310694102136963,0.4799118494660112,-1.7707238515002544,-1.25,-0.026565021114046555,0.4856755382268181,-2.3222156297677574,-1.25,-0.025752289445239007,,,,EXH_05 + TRAP_05,,same_bar_signal_2,2.0,
EXH_03 + EXH_05 + TRAP_05,combo_ranking,2790,0.47562724014336916,0.17258064516129032,-1.0,0.004719454011733194,0.4752688172043011,-1.5183691756272402,-1.25,-0.026454044814973477,0.4691756272401434,-1.94668458781362,-1.875,-0.028574884247425568,0.4867383512544803,-2.3347670250896058,-1.125,-0.025393722204893412,,,,EXH_03 + EXH_05 + TRAP_05,,same_bar_signal_3,3.0,
EXH_01 + TRAP_01 + TRAP_05,combo_ranking,4888,0.48527004909983634,-0.6702127659574468,-0.5,-0.018535925219908135,0.48424713584288054,-1.527823240589198,-0.75,-0.02878422546077492,0.4734042553191489,-1.2120499181669395,-1.5,-0.01852838932328029,0.4759467758444217,-1.442476970317298,-2.25,-0.015375699198075505,,,,EXH_01 + TRAP_01 + TRAP_05,,same_bar_signal_3,3.0,
EXH_03 + TRAP_01 + TRAP_04,combo_ranking,794,0.4640605296343001,-0.3537200504413619,-1.0,-0.00479178360343731,0.4633838383838384,-1.5776515151515151,-2.125,-0.01665981767012327,0.4936868686868687,-0.7493686868686869,-1.0,-0.007163254858965304,0.4823232323232323,-1.5912247474747474,-2.625,-0.012792375973414968,,,,EXH_03 + TRAP_01 + TRAP_04,,same_bar_signal_3,3.0,
EXH_01 + EXH_03 + TRAP_05,combo_ranking,7328,0.48758187772925765,-0.42781113537117904,-0.5,-0.013023891100321837,0.4817139737991266,-1.714621997816594,-1.0,-0.034064230744893724,0.4768013100436681,-1.7530021834061136,-1.25,-0.027952486515229198,0.48723549488054607,-1.3278498293515357,-1.0,-0.014817800255232893,,,,EXH_01 + EXH_03 + TRAP_05,,same_bar_signal_3,3.0,
EXH_01 + TRAP_05,combo_ranking,8216,0.4898977604673807,-0.474957400194742,-0.25,-0.01370111728304897,0.4846640701071081,-1.7193281402142162,-0.75,-0.03357172399263255,0.4791869522882181,-1.7559944011684518,-1.25,-0.027280730541503418,0.4889808839644466,-1.7625106538414708,-0.75,-0.01900567476240626,,,,EXH_01 + TRAP_05,,same_bar_signal_2,2.0,
EXH_05 + TRAP_01 + TRAP_05,combo_ranking,3079,0.4774277362780123,-0.8903052939265995,-0.75,-0.02405032342759157,0.47840207859694706,-1.992448847028256,-1.0,-0.0340599794427426,0.4667099707697304,-2.7896232543033452,-2.0,-0.04140804908329892,0.4680090938616434,-3.9748294900941863,-3.0,-0.04412079417049428,,,,EXH_05 + TRAP_01 + TRAP_05,,same_bar_signal_3,3.0,
ABS_03 + EXH_03,combo_ranking,15,0.6,-2.4,3.75,-0.06073850360617934,0.5333333333333333,-2.0,0.5,-0.03534537985035505,0.6,1.45,3.75,0.024689052838455315,0.4666666666666667,2.0,-19.5,0.04578321263633423,,,,ABS_03 + EXH_03,,same_bar_signal_2,2.0,
EXH_03 + TRAP_04,combo_ranking,1972,0.48909183155758496,0.9398782343987824,-0.25,0.012755762460986022,0.4817258883248731,-2.088705583756345,-1.375,-0.02222023070052634,0.4903553299492386,-1.6741116751269036,-1.0,-0.01627889902721429,0.49137055837563454,-1.3421319796954314,-0.75,-0.01108880538917326,,,,EXH_03 + TRAP_04,,same_bar_signal_2,2.0,
EXH_01 + EXH_04 + TRAP_01,combo_ranking,62,0.5645161290322581,0.05241935483870968,1.25,0.0020967496613882217,0.46774193548387094,-2.524193548387097,-2.75,-0.07052210443444476,0.5161290322580645,-5.419354838709677,3.125,-0.12040709480337144,0.5483870967741935,-8.67741935483871,2.5,-0.12809615006512287,,,,EXH_01 + EXH_04 + TRAP_01,,same_bar_signal_3,3.0,
EXH_03 + EXH_04 + EXH_05,combo_ranking,72,0.4305555555555556,-2.1979166666666665,-3.75,-0.09674337381018519,0.4861111111111111,-2.548611111111111,-0.75,-0.08010984233019093,0.5138888888888888,-2.701388888888889,4.125,-0.0742369996333026,0.5,10.399305555555555,0.125,0.14138479024127001,,,,EXH_03 + EXH_04 + EXH_05,,same_bar_signal_3,3.0,
EXH_01 + EXH_02 + TRAP_01,combo_ranking,30,0.5333333333333333,2.308333333333333,0.875,0.07660879024711129,0.5333333333333333,-3.0,1.5,-0.06372312998012786,0.5,-17.066666666666666,-7.625,-0.2523552266303394,0.4666666666666667,-37.19166666666667,-6.75,-0.2721965535672007,,,,EXH_01 + EXH_02 + TRAP_01,,same_bar_signal_3,3.0,
EXH_01 + EXH_05 + TRAP_05,combo_ranking,2292,0.46902268760907506,-1.0330497382198953,-1.25,-0.029522490329151857,0.4755671902268761,-3.2669066317626525,-1.25,-0.05513661975092069,0.4620418848167539,-3.6839005235602094,-2.5,-0.05315734473247806,0.48211169284467714,-3.8655104712041886,-1.75,-0.04116142498305975,,,,EXH_01 + EXH_05 + TRAP_05,,same_bar_signal_3,3.0,
EXH_01 + TRAP_04,combo_ranking,1632,0.48651960784313725,0.16911764705882354,-0.25,0.002590631281635967,0.4757817290006131,-3.3464132434089517,-1.75,-0.037492713068044206,0.49049662783568365,-2.3758430410790927,-1.0,-0.024222170568422897,0.49908031882280807,-4.107602697731453,0.0,-0.03520086225538585,,,,EXH_01 + TRAP_04,,same_bar_signal_2,2.0,
EXH_01 + EXH_03 + TRAP_04,combo_ranking,1541,0.48410123296560675,0.15687865022712524,-0.5,0.002541975446280489,0.4727272727272727,-3.540097402597403,-2.0,-0.04075571698731903,0.4896103896103896,-2.4199675324675325,-1.0,-0.02515515634293724,0.4954545454545455,-3.1662337662337663,-0.5,-0.028070833843896425,,,,EXH_01 + EXH_03 + TRAP_04,,same_bar_signal_3,3.0,
EXH_03 + EXH_05 + TRAP_04,combo_ranking,867,0.45674740484429066,0.5201845444059977,-1.5,0.008079100636886473,0.4602076124567474,-3.6862745098039214,-2.25,-0.04488988285199206,0.47750865051903113,-3.6891580161476356,-1.75,-0.04077646132809716,0.49019607843137253,-5.826989619377162,-1.75,-0.05168048092366198,,,,EXH_03 + EXH_05 + TRAP_04,,same_bar_signal_3,3.0,
EXH_05 + TRAP_04,combo_ranking,888,0.4605855855855856,0.48451576576576577,-1.5,0.007563217848508085,0.4605855855855856,-3.689189189189189,-2.25,-0.044718695761165037,0.4752252252252252,-3.849099099099099,-2.25,-0.042411560804628705,0.48986486486486486,-5.628941441441442,-1.75,-0.05025202305722694,,,,EXH_05 + TRAP_04,,same_bar_signal_2,2.0,
EXH_05 + TRAP_01 + TRAP_04,combo_ranking,368,0.42391304347826086,-0.6494565217391305,-2.375,-0.010693258983566952,0.421195652173913,-4.444972826086956,-3.625,-0.05608234508993073,0.47282608695652173,-4.4415760869565215,-2.75,-0.049073745260782176,0.4891304347826087,-5.743206521739131,-1.875,-0.04852569022973191,,,,EXH_05 + TRAP_01 + TRAP_04,,same_bar_signal_3,3.0,
EXH_01 + TRAP_04 + TRAP_05,combo_ranking,352,0.45738636363636365,3.8401988636363638,-2.25,0.049775762246626734,0.4715909090909091,-4.502840909090909,-2.375,-0.043678319071297295,0.4715909090909091,-3.870028409090909,-2.125,-0.03422563361210545,0.4772727272727273,-8.673295454545455,-5.125,-0.06387014125772321,,,,EXH_01 + TRAP_04 + TRAP_05,,same_bar_signal_3,3.0,
EXH_01 + EXH_05 + TRAP_04,combo_ranking,826,0.45278450363196127,-0.8256658595641646,-1.75,-0.014247331851558676,0.4576271186440678,-4.739709443099273,-2.5,-0.06042592872760161,0.4745762711864407,-4.263014527845036,-2.125,-0.04899052320027026,0.49515738498789347,-6.1791767554479415,-0.875,-0.05685937831142696,,,,EXH_01 + EXH_05 + TRAP_04,,same_bar_signal_3,3.0,
ABS_03 + TRAP_05,combo_ranking,85,0.4117647058823529,-0.28823529411764703,-5.25,-0.004633206937006739,0.4,-5.270588235294118,-8.25,-0.06848634317477442,0.38823529411764707,-16.66764705882353,-10.5,-0.1404721463714851,0.4588235294117647,-14.861764705882353,-7.25,-0.10594401959140132,,,,ABS_03 + TRAP_05,,same_bar_signal_2,2.0,
ABS_03 + TRAP_01,combo_ranking,597,0.4472361809045226,-6.152428810720268,-2.25,-0.10343884999431659,0.4623115577889447,-6.291876046901173,-1.5,-0.07112201028309034,0.4623115577889447,-10.028475711892797,-4.0,-0.0938379833320577,0.4489112227805695,-11.525544388609715,-4.25,-0.0825027606189405,,,,ABS_03 + TRAP_01,,same_bar_signal_2,2.0,
ABS_03 + EXH_02,combo_ranking,166,0.4397590361445783,-12.493975903614459,-3.0,-0.18353916730298783,0.46060606060606063,-7.318181818181818,-2.0,-0.09157500194978885,0.45454545454545453,-10.183333333333334,-5.0,-0.10191423993843586,0.46060606060606063,-9.036363636363637,-4.25,-0.0754193134364032,,,,ABS_03 + EXH_02,,same_bar_signal_2,2.0,
ABS_03 + EXH_02 + TRAP_01,combo_ranking,95,0.43157894736842106,-15.728947368421053,-4.5,-0.22128996509932122,0.4421052631578947,-10.239473684210527,-4.25,-0.12494198655911208,0.47368421052631576,-13.352631578947369,-3.25,-0.11825531958329419,0.43157894736842106,-9.25263157894737,-4.25,-0.07630663478986677,,,,ABS_03 + EXH_02 + TRAP_01,,same_bar_signal_3,3.0,
EXH_02 + EXH_04 + TRAP_05,combo_ranking,1,1.0,12.25,12.25,0.0,0.0,-10.5,-10.5,0.0,0.0,-29.5,-29.5,0.0,0.0,-74.75,-74.75,0.0,,,,EXH_02 + EXH_04 + TRAP_05,,same_bar_signal_3,3.0,
ABS_03 + TRAP_01 + TRAP_05,combo_ranking,53,0.4339622641509434,-0.8160377358490566,-5.25,-0.013050488940131208,0.39622641509433965,-11.523584905660377,-5.25,-0.1490206380035204,0.3584905660377358,-28.05188679245283,-10.5,-0.20463495281217578,0.4528301886792453,-28.42452830188679,-14.25,-0.18623709908045114,,,,ABS_03 + TRAP_01 + TRAP_05,,same_bar_signal_3,3.0,
ABS_03 + EXH_02 + TRAP_05,combo_ranking,51,0.45098039215686275,-10.25,-6.25,-0.25582942635033795,0.4117647058823529,-14.27450980392157,-11.5,-0.22128940242600562,0.39215686274509803,-13.480392156862745,-16.0,-0.2001593840492635,0.47058823529411764,-4.764705882352941,-6.75,-0.0494106178809285,,,,ABS_03 + EXH_02 + TRAP_05,,same_bar_signal_3,3.0,
ABS_03 + EXH_03 + EXH_04,combo_ranking,3,1.0,8.416666666666666,9.25,1.952442799393324,0.6666666666666666,-15.416666666666666,0.5,-0.30215571019566845,0.3333333333333333,-14.166666666666666,-24.75,-0.4366171124293159,0.3333333333333333,-10.666666666666666,-19.5,-0.2542506713447095,,,,ABS_03 + EXH_03 + EXH_04,,same_bar_signal_3,3.0,
ABS_03 + EXH_03 + EXH_05,combo_ranking,2,0.5,-18.5,-18.5,-0.4630610779451727,0.5,-18.125,-18.125,-0.3648771646692149,0.5,-27.5,-27.5,-0.6222539674441618,0.5,-11.875,-11.875,-0.4278671605905861,,,,ABS_03 + EXH_03 + EXH_05,,same_bar_signal_3,3.0,
ABS_04 + EXH_01 + TRAP_01,combo_ranking,7,0.42857142857142855,-6.821428571428571,-5.0,-0.13594584965407833,0.5714285714285714,-19.392857142857142,2.75,-0.45572244292173875,0.14285714285714285,-39.17857142857143,-9.75,-0.5517484874841625,0.14285714285714285,-112.60714285714286,-120.5,-1.222437780078288,,,,ABS_04 + EXH_01 + TRAP_01,,same_bar_signal_3,3.0,
ABS_04 + EXH_01,combo_ranking,10,0.3,-13.625,-8.625,-0.305476498547857,0.4,-21.05,-20.375,-0.5918570852651521,0.2,-38.95,-35.625,-0.6308056500158761,0.1,-89.9,-49.5,-1.0682495105332903,,,,ABS_04 + EXH_01,,same_bar_signal_2,2.0,
ABS_04 + EXH_01 + EXH_03,combo_ranking,10,0.3,-13.625,-8.625,-0.305476498547857,0.4,-21.05,-20.375,-0.5918570852651521,0.2,-38.95,-35.625,-0.6308056500158761,0.1,-89.9,-49.5,-1.0682495105332903,,,,ABS_04 + EXH_01 + EXH_03,,same_bar_signal_3,3.0,
ABS_03 + EXH_04,combo_ranking,5,0.6,-12.55,3.75,-0.4156475181172734,0.6,-22.1,0.5,-0.487384975725138,0.4,-19.7,-24.75,-0.4345362116013214,0.6,-5.55,1.5,-0.18205775076782546,,,,ABS_03 + EXH_04,,same_bar_signal_2,2.0,
ABS_03 + EXH_02 + EXH_05,combo_ranking,5,0.4,-18.05,-19.5,-0.425282390948637,0.25,-24.625,-38.0,-0.7839299488651655,0.25,-20.0,-36.125,-0.5790719484590781,0.5,-25.3125,-19.375,-0.34144773138734547,,,,ABS_03 + EXH_02 + EXH_05,,same_bar_signal_3,3.0,
ABS_04 + EXH_01 + TRAP_04,combo_ranking,6,0.5,-3.25,0.75,-0.07063089772375479,0.3333333333333333,-24.916666666666668,-33.625,-0.6422564385170217,0.16666666666666666,-63.958333333333336,-81.875,-0.911948696813005,0.0,-123.875,-113.875,-1.4349298562418549,,,,ABS_04 + EXH_01 + TRAP_04,,same_bar_signal_3,3.0,
ABS_03 + EXH_01,combo_ranking,21,0.38095238095238093,-9.071428571428571,-8.75,-0.19772157272570764,0.42857142857142855,-26.11904761904762,-8.75,-0.40575783264466947,0.47619047619047616,-11.69047619047619,-11.5,-0.13848891874956526,0.5238095238095238,3.380952380952381,1.5,0.04514133603652116,,,,ABS_03 + EXH_01,,same_bar_signal_2,2.0,
ABS_04 + EXH_01 + EXH_05,combo_ranking,5,0.0,-27.9,-14.75,-1.0991313765931057,0.2,-26.9,-33.25,-0.9395928736180619,0.2,-45.95,-61.5,-0.9536163681705683,0.0,-64.15,-43.5,-0.9059940363391149,,,,ABS_04 + EXH_01 + EXH_05,,same_bar_signal_3,3.0,
ABS_03 + EXH_05,combo_ranking,15,0.3333333333333333,-20.716666666666665,-19.5,-0.5299182669693951,0.42857142857142855,-28.017857142857142,-23.25,-0.46820556017118403,0.5,-17.0,-16.0,-0.27109662632188253,0.5714285714285714,-4.303571428571429,5.25,-0.0676300277320894,,,,ABS_03 + EXH_05,,same_bar_signal_2,2.0,
ABS_03 + EXH_03 + TRAP_01,combo_ranking,1,0.0,-42.5,-42.5,0.0,0.0,-33.75,-33.75,0.0,0.0,-38.75,-38.75,0.0,0.0,-29.5,-29.5,0.0,,,,ABS_03 + EXH_03 + TRAP_01,,same_bar_signal_3,3.0,
ABS_04 + TRAP_01 + TRAP_04,combo_ranking,5,0.6,-4.05,16.25,-0.07230075399591501,0.4,-34.55,-55.25,-0.6526226856986519,0.2,-64.8,-96.5,-0.8263216740114169,0.0,-132.45,-175.0,-1.3738917855679478,,,,ABS_04 + TRAP_01 + TRAP_04,,same_bar_signal_3,3.0,
ABS_03 + EXH_01 + EXH_05,combo_ranking,7,0.2857142857142857,-21.714285714285715,-11.0,-0.4771375987739341,0.42857142857142855,-37.42857142857143,-8.75,-0.46302694869450073,0.5714285714285714,-18.464285714285715,27.5,-0.21698569124736033,0.5714285714285714,8.857142857142858,38.5,0.12082708588155892,,,,ABS_03 + EXH_01 + EXH_05,,same_bar_signal_3,3.0,
EXH_01 + EXH_02 + TRAP_05,combo_ranking,4,0.75,-8.3125,6.375,-0.13373713998452175,0.25,-38.4375,-41.875,-0.4528011627199356,0.25,-66.125,-87.5,-0.5964104008459791,0.0,-131.5625,-130.0,-2.2667980711508147,,,,EXH_01 + EXH_02 + TRAP_05,,same_bar_signal_3,3.0,
ABS_03 + EXH_05 + TRAP_05,combo_ranking,2,0.0,-51.875,-51.875,-1.133008935105858,0.0,-41.5,-41.5,-9.029209667458991,0.0,-37.625,-37.625,-14.189276075810053,0.5,-19.375,-19.375,-0.49148677616105324,,,,ABS_03 + EXH_05 + TRAP_05,,same_bar_signal_3,3.0,
EXH_04 + EXH_05 + TRAP_04,combo_ranking,1,0.0,-7.0,-7.0,0.0,0.0,-50.0,-50.0,0.0,0.0,-48.5,-48.5,0.0,0.0,-27.25,-27.25,0.0,,,,EXH_04 + EXH_05 + TRAP_04,,same_bar_signal_3,3.0,
ABS_03 + EXH_01 + EXH_04,combo_ranking,1,0.0,-56.5,-56.5,0.0,0.0,-68.75,-68.75,0.0,0.0,-82.25,-82.25,0.0,1.0,1.5,1.5,0.0,,,,ABS_03 + EXH_01 + EXH_04,,same_bar_signal_3,3.0,
ABS_04 + TRAP_01 + TRAP_05,combo_ranking,2,0.0,-63.0,-63.0,-2.8284271247461903,0.0,-97.875,-97.875,-9.38414592659435,0.0,-82.875,-82.875,-4.2235296930331625,0.0,-51.125,-51.125,-1.007688757858181,,,,ABS_04 + TRAP_01 + TRAP_05,,same_bar_signal_3,3.0,
