signal_id,category,primary_window,n_1b,n_5b,n_10b,n_15b,n_30b,wr_1b,wr_5b,wr_10b,wr_15b,wr_30b,avg_1b,avg_5b,avg_10b,avg_15b,avg_30b,sharpe_1b,sharpe_5b,sharpe_10b,sharpe_15b,sharpe_30b
DELT_07,delta,5,3,3,3,3,3,0.3333333333333333,0.3333333333333333,0.3333333333333333,0.6666666666666666,0.6666666666666666,-22.333333333333332,453.3333333333333,370.6666666666667,467.6666666666667,550.6666666666666,-0.6528279811123248,0.5636376210594801,0.5239387013171721,0.5754650661878253,0.5778685307173016
ABS_04,absorption,5,41,41,41,41,41,0.6097560975609756,0.5365853658536586,0.6341463414634146,0.5853658536585366,0.5365853658536586,2.292682926829268,199.78048780487805,202.90243902439025,172.2439024390244,127.41463414634147,0.03993553201629725,0.3691513390820115,0.3432425998244713,0.2958875729399474,0.19423463561194185
VOLP_06,volume_profile,5,32,32,32,32,32,0.5625,0.5625,0.59375,0.59375,0.59375,108.71875,104.15625,152.53125,192.9375,101.875,0.18423347060491774,0.17184381535039914,0.22765805883971874,0.26249888026203166,0.2024840106125215
AUCT_03,auction,5,46,46,46,46,46,0.5217391304347826,0.5434782608695652,0.4782608695652174,0.45652173913043476,0.5434782608695652,-0.10869565217391304,8.434782608695652,3.847826086956522,6.369565217391305,35.30434782608695,-0.0027562438156891835,0.12753996825789551,0.03747337718952605,0.06486282208092653,0.16382463362816443
TRAP_04,trapped,5,9967,9964,9959,9959,9959,0.4828451043338684,0.49046950240770465,0.4896669341894061,0.4897672552166934,0.49518459069020865,-0.0990267884017257,4.2558209554395825,1.696154232352646,3.184054623958229,3.075007530876594,-0.0007073568339226784,0.016214146258398957,0.004912279294330858,0.008256547484180865,0.006452506398194421
EXH_03,exhaustion,5,62715,62714,62713,62710,62699,0.4917245997831494,0.5038267746667517,0.5005899610944575,0.5002870081000064,0.5014828751833663,0.3354859284062824,1.1324903530312211,0.16290083395787158,1.216408866209536,3.297548605240913,0.005369843773658023,0.008219422498863246,0.0008428322394369204,0.005152542855145566,0.009833175235061768
DELT_04,delta,5,20670,20669,20668,20667,20666,0.4934932997919791,0.5016206279328528,0.502539790044023,0.5049102607517778,0.5063615693483624,0.31204644412191584,0.8046833422032996,-0.5159667118250435,0.7804712827212464,3.313897222491048,0.00502979629722867,0.006102529342279875,-0.002755848301693141,0.003364548098221679,0.010145621149680402
EXH_01,exhaustion,5,52439,52439,52438,52436,52425,0.48995976277198267,0.5036137226110338,0.4979118594938881,0.49793092927019966,0.5016495356509468,0.09018097217719637,0.6211788935715784,-1.0834509325298447,-0.6951331146540545,-1.6368144969003338,0.0016130753539515966,0.004689680746166941,-0.005671288751679313,-0.0029536317454605084,-0.004813378004169358
EXH_04,exhaustion,5,466,466,466,466,466,0.5064377682403434,0.48283261802575106,0.5042918454935622,0.4892703862660944,0.463519313304721,1.6609442060085837,0.5600858369098712,6.266094420600858,-7.317596566523605,13.665236051502147,0.034794948327145546,0.005662216846953668,0.041285250129227374,-0.03429514091551202,0.03861443800327096
EXH_05,exhaustion,5,27134,27134,27133,27132,27128,0.49476671334856637,0.4960197538144026,0.4972727942802388,0.5008107908896587,0.5029483305078499,0.13322768482346872,0.5596299845212648,-0.03471787122691925,1.4277605779153766,2.3809348274845177,0.0022577049351208993,0.004131314998880502,-0.0001796917356876922,0.005921670609400025,0.007002312158432059
DELT_01,delta,5,87423,87419,87414,87411,87404,0.4845808931185944,0.4971632503660322,0.49747209004392384,0.4967285871156662,0.49622529282576866,-0.4291891149926221,0.22305219689083608,0.1907245978904981,0.43778243012893114,-0.48215184659740973,-0.006145281640945082,0.0014790840545741942,0.000903164414013906,0.0016982059570200124,-0.0013445320493014146
IMB_04,imbalance,5,61499,61498,61497,61495,61484,0.488390243902439,0.4970731707317073,0.4950731707317073,0.49629268292682926,0.49617886178861786,-0.04323647538984374,0.1784285667826596,-1.3338699448753597,-0.3521424506057403,-1.5570880229002668,-0.0006828117542943225,0.0012819690957864916,-0.006795048810462467,-0.0014645693787009762,-0.004580157478331589
IMB_03,imbalance,5,118239,118235,118230,118226,118211,0.4851995940460081,0.4949763193504736,0.49676928281461435,0.49664242219215154,0.49523849797023006,-0.39737311716100443,-0.04942698862434981,-0.03585384420197919,0.22070441358076903,-0.6442632242346313,-0.006167056676669245,-0.00034761489968904163,-0.0001780992918620556,0.000895372965139708,-0.0018583132359373943
IMB_05,imbalance,5,60518,60517,60516,60514,60502,0.49305176886597596,0.4979758422974603,0.4986037442786563,0.49883507658751797,0.49987607197739553,0.30597508179384647,-0.07452451377298941,-0.6236036750611409,-0.1399015103942889,-0.38177250338831775,0.00480509885438618,-0.0005337177208762665,-0.0031653177257774927,-0.0005806644526964256,-0.0011189282997439384
EXH_02,exhaustion,5,9735,9735,9734,9734,9731,0.5027221366204417,0.49419619928094505,0.5011813045711351,0.5017976373908577,0.49964047252182847,-0.5686697483307653,-0.17103235747303544,2.93425107869324,0.8505239367166633,0.18405097112321447,-0.008059292239065208,-0.0012561089862043226,0.014922916779535915,0.003501574910507421,0.0005337612526334075
AUCT_01,auction,5,212668,212664,212658,212652,212629,0.49383784190455593,0.49637229685567713,0.4972986189806695,0.4976653861164533,0.49842243110185314,-0.020379182575657833,-0.2500282135199187,-0.25540539269625406,-0.2691157383894814,-0.0070639470627242755,-0.0003493917336807466,-0.001824569427378135,-0.0013025873403900755,-0.0011160326461850264,-2.0618989296117457e-05
IMB_07,imbalance,5,60513,60512,60508,60507,60498,0.4845159797732756,0.49686023069041874,0.499074594308755,0.49809961331262187,0.4968437055887894,-0.5654487465503281,-0.27728384452670546,0.06428901963376743,-0.6986133835754541,-1.6014744289067406,-0.009570171901990098,-0.0019761276954536,0.0003258718600870596,-0.002863674071528791,-0.0046209375550654574
IMB_08,imbalance,5,122054,122050,122045,122040,122025,0.4868624800294949,0.49362992093728236,0.4970218344189095,0.49653844578263895,0.49741509975011267,-0.4973864027397709,-0.37623105284719377,0.4961530582981687,0.33558669288757786,0.36383527965580825,-0.007805349380552838,-0.0026626189158619334,0.0024827045405402333,0.0013708514590415138,0.0010546406213080292
IMB_09,imbalance,5,53268,53265,53263,53262,53256,0.48648344221671547,0.494743560862056,0.4965645415634152,0.49733423443718555,0.4996057670646542,-0.5529586243147856,-0.4587815638787196,-0.888365281715262,-0.5688295595358792,0.29048370136698215,-0.0091013114833022,-0.0032369969040838813,-0.004428379312091359,-0.002332140543760316,0.0008432187828621311
TRAP_01,trapped,5,120696,120692,120688,120684,120669,0.49332626328740564,0.4924314605996835,0.4929699992543311,0.49199234446589396,0.4909898340472423,0.15615264797507789,-0.4788138401882478,-0.7933597375049715,-0.6581402671439461,-0.7738110036546255,0.0024846748534000504,-0.003445446618036788,-0.00403207590895022,-0.0027299234260600874,-0.0022751399917006728
AUCT_04,auction,5,126134,126130,126125,126120,126105,0.4990843144250208,0.49366155309787135,0.496499781979625,0.4976097038886907,0.4997185555159155,0.16747268777649166,-0.6363910251327994,-0.33765708622398416,-0.29429115128449096,0.46112366678561517,0.0026664521936528678,-0.004562385454351797,-0.0017113466574872123,-0.0012166655440401131,0.0013515437317352102
ENG_05,other,5,119493,119489,119485,119480,119467,0.4538516500341549,0.46036070696681086,0.4625277753786481,0.4621037837328539,0.46046277902968724,-0.5614387453658374,-0.8214731063110412,-1.1360505502782776,-0.7532390358218949,-1.827550704378615,-0.009006425090310095,-0.005901408896476364,-0.005765911006260374,-0.0031207402791413688,-0.005361072175502365
AUCT_02,auction,5,76474,76470,76466,76461,76450,0.49746976135992155,0.4934423014056881,0.4958352402745995,0.49437070938215105,0.493939195815626,-0.043374218688704655,-0.9200209232378711,-1.0247168676274423,-1.6560861092583148,-1.6043819489862656,-0.0007644670148151336,-0.007651578820163022,-0.0063988185720713735,-0.008442385140655867,-0.005818539364433978
IMB_01,imbalance,5,127223,127219,127214,127209,127194,0.4866377413066717,0.4920455260013834,0.4944428724140099,0.494631516066151,0.49226561026221466,-0.5830392303278495,-1.0053293926221711,-0.827000172936941,-1.1111084907514406,-2.554098463764014,-0.009321821282594301,-0.007231107190863796,-0.004207706723312846,-0.004609779681345875,-0.007513979517070292
TRAP_05,trapped,5,54052,54050,54048,54046,54039,0.48214682157922,0.48806704654776883,0.48825205357803597,0.48630947976023087,0.4825908384518612,-0.5047916820839192,-1.0503977798334876,-1.467935908821788,-3.022943418569367,-6.05773607949814,-0.007917196513125245,-0.00752664875105205,-0.007379115082467967,-0.012327985575392574,-0.01764559467075577
IMB_06,imbalance,5,125826,125822,125817,125812,125797,0.4867079402671923,0.49215192287823756,0.49467920239694185,0.494861993053955,0.4925254516121341,-0.6311573124791379,-1.0635580423137447,-0.8629914876368059,-1.1651750230502655,-2.5860394127045954,-0.010319496780004087,-0.007681398956433303,-0.004393196592087381,-0.004832848273027182,-0.007595139667229862
DELT_02,delta,5,9826,9826,9826,9824,9824,0.49236718909016897,0.4903317728475473,0.506309790352127,0.5045796865458987,0.5029513535518013,-0.6282312232851618,-1.1378994504376145,0.8638306533686139,1.4745521172638436,2.2059242671009773,-0.010198784382988135,-0.00804732303113773,0.004427733652709179,0.006273439179908121,0.006624231806759585
AUCT_05,auction,5,3145,3145,3145,3145,3144,0.4764780673871583,0.4729815638906548,0.46853146853146854,0.47584233947870314,0.4888747616020343,-1.4976152623211447,-1.2534181240063593,-4.324642289348172,-4.710969793322734,-8.77767175572519,-0.018194341789082698,-0.010371757271503817,-0.026755210014606234,-0.025009999434652208,-0.03509020794567247
ENG_06,poc,5,1884,1884,1884,1884,1884,0.2176567269312045,0.21859591453392815,0.2087344447053299,0.21225639821554357,0.2131955858182672,-0.32961783439490444,-1.5599787685774946,-7.0217622080679405,-11.467091295116774,-10.671974522292993,-0.007706498780557037,-0.015797747181135576,-0.04723847321941406,-0.05940487842718426,-0.03909794378963387
DELT_10,delta,5,20949,20947,20944,20944,20944,0.4903579952267303,0.49599045346062054,0.5013365155131265,0.5034367541766109,0.495799522673031,-0.2566232278390377,-1.912254738148661,-2.595254010695187,-2.606378915202445,-2.1799560733384262,-0.004331770454403538,-0.013967673487280882,-0.013567151467945444,-0.011156718038354442,-0.00664449069591036
IMB_02,imbalance,5,8521,8521,8521,8521,8517,0.48973125220044594,0.5009975355005281,0.505926534444314,0.502757892266166,0.5022884637953292,-1.273676798497829,-2.617181082032625,-3.973829362750851,-4.491843680319211,-5.9185159093577555,-0.01859611809299631,-0.018614103704468348,-0.020460507931783355,-0.018714812068590513,-0.016770441726495108
VOLP_03,volume_profile,5,1557,1556,1556,1556,1556,0.4594767070835992,0.4658583280153159,0.47351627313337585,0.47223994894703253,0.4843650287172942,-7.6024405908798975,-3.4389460154241647,-5.226221079691516,-0.02892030848329049,7.773778920308484,-0.02027170345280539,-0.007872641553581097,-0.010258919107389611,-5.2736117783717476e-05,0.012557961226172606
ABS_03,absorption,5,858,858,856,856,856,0.4755244755244755,0.4592074592074592,0.46503496503496505,0.4568764568764569,0.45104895104895104,3.710955710955711,-11.348484848484848,-12.917056074766355,-24.285046728971963,-28.807242990654206,0.027362930576591702,-0.04048546201045218,-0.03514833907452889,-0.05687023791084901,-0.05275008235942965
ABS_01,absorption,5,2,2,2,2,2,0.5,0.5,0.5,0.5,0.5,21.0,-687.0,-559.5,-625.5,-673.5,0.37123106012293744,-0.6989674225541844,-0.6304800702372484,-0.5666819879976752,-0.48719838069477217
REGIME_CHANGE,other,5,0,0,0,0,0,0.0,0.0,0.0,0.0,0.0,,,,,,,,,,
