signal_id,category,score_tier,n_1b,wr_1b,avg_1b,sharpe_1b,n_5b,wr_5b,avg_5b,sharpe_5b,n_10b,wr_10b,avg_10b,sharpe_10b,n_15b,wr_15b,avg_15b,sharpe_15b,n_30b,wr_30b,avg_30b,sharpe_30b
ABS_01,absorption,QUIET,1,1.0,61.0,,1,0.0,-1382.0,,1,0.0,-1187.0,,1,0.0,-1406.0,,1,0.0,-1651.0,
ABS_01,absorption,TYPE_C,1,0.0,-19.0,,1,1.0,8.0,,1,1.0,68.0,,1,1.0,155.0,,1,1.0,304.0,
ABS_03,absorption,QUIET,316,0.4810126582278481,-1.2088607594936709,-0.025299649419536607,316,0.4588607594936709,-0.12025316455696203,-0.0005253530011857667,316,0.4462025316455696,-3.8765822784810124,-0.014975668978160406,316,0.44936708860759494,0.36075949367088606,0.0012468301676781073,316,0.46835443037974683,7.949367088607595,0.020806497402775837
ABS_03,absorption,TYPE_A,51,0.6078431372549019,39.68627450980392,0.21711275028190466,51,0.37254901960784315,-32.21568627450981,-0.09912546418870276,51,0.37254901960784315,-66.33333333333333,-0.12598695177025618,51,0.35294117647058826,-98.09803921568627,-0.1764827667873906,51,0.27450980392156865,-112.76470588235294,-0.16758560015655258
ABS_03,absorption,TYPE_B,29,0.3793103448275862,142.41379310344828,0.22512315047782203,29,0.5172413793103449,61.0,0.09032289739259201,29,0.4827586206896552,26.24137931034483,0.03688605834396181,29,0.4827586206896552,59.241379310344826,0.08367963263080383,29,0.5517241379310345,62.793103448275865,0.07931679610628102
ABS_03,absorption,TYPE_C,462,0.46320346320346323,-5.6017316017316015,-0.0983387894073205,462,0.4653679653679654,-21.266233766233768,-0.08006698284761572,460,0.487012987012987,-15.673913043478262,-0.04129837809282961,460,0.47186147186147187,-38.29782608695652,-0.0823414766951943,460,0.4523809523809524,-50.52391304347826,-0.08361774478378745
ABS_04,absorption,QUIET,3,0.6666666666666666,28.666666666666668,0.5652148631820643,3,0.0,-43.666666666666664,-2.4867939488715467,3,0.6666666666666666,21.0,0.4157804504628181,3,0.6666666666666666,72.0,0.8237856859613525,3,0.6666666666666666,-7.0,-0.15249857033260467
ABS_04,absorption,TYPE_A,7,0.2857142857142857,-48.857142857142854,-0.7434975864360651,7,0.14285714285714285,-199.71428571428572,-1.1673961617369764,7,0.2857142857142857,-207.71428571428572,-0.8989133162873455,7,0.14285714285714285,-205.57142857142858,-0.9048378963798768,7,0.2857142857142857,-209.0,-0.5405059943442444
ABS_04,absorption,TYPE_B,16,0.625,13.25,0.19850252237134788,16,0.6875,347.375,0.5177559352904041,16,0.6875,349.4375,0.44926054999497506,16,0.625,272.875,0.3508719288841024,16,0.5,167.5625,0.18956329392919302
ABS_04,absorption,TYPE_C,15,0.7333333333333333,9.2,0.3295577344522395,15,0.6666666666666666,277.46666666666664,0.5941663296412162,15,0.7333333333333333,274.6,0.6057296051367017,15,0.7333333333333333,261.26666666666665,0.5793456405131827,15,0.6666666666666666,268.46666666666664,0.543149500783241
AUCT_01,auction,QUIET,131284,0.4929542061485025,0.007525669540842753,0.00018106482373775532,131284,0.4954297553395692,-0.29002772615093997,-0.002900339645336969,131283,0.4970674263428902,-0.2857034040964938,-0.0020212371966952134,131281,0.49695317022637947,-0.40892436833966833,-0.002256012894258382,131267,0.4986517778251729,0.23887191754210882,0.0008808715090216246
AUCT_01,auction,TYPE_A,1519,0.49605263157894736,-0.6747860434496379,-0.0023141899727924186,1519,0.49407894736842106,-0.42132982225148125,-0.0011526980808536048,1519,0.48947368421052634,-6.620803159973667,-0.013905302673504618,1519,0.5026315789473684,-9.532587228439763,-0.017620779051355385,1519,0.48223684210526313,-17.104015799868336,-0.02595375903219524
AUCT_01,auction,TYPE_B,4488,0.4948752228163993,-0.6446078431372549,-0.00385276246334999,4487,0.49576648841354726,-1.9618899041675952,-0.007639367476744692,4487,0.4971033868092692,-0.761979050590595,-0.0023248597645388353,4487,0.4979946524064171,-1.1132159572097169,-0.0030922744821732253,4487,0.499777183600713,-1.8009806106529975,-0.004004036542912571
AUCT_01,auction,TYPE_C,75377,0.49527044058532443,-0.018626371439563794,-0.00032869277389329537,75374,0.49809623625243776,-0.07499933664128214,-0.00044079668567618594,75369,0.49787070326492167,-0.044182621502209134,-0.00017642915116752663,75365,0.4987861018613105,0.21138459497114045,0.0006923152074666544,75356,0.49826870265465595,0.015977493497531716,3.742249017465269e-05
AUCT_02,auction,QUIET,50395,0.4979065383470582,-0.09183450739160631,-0.0030938154049179665,50395,0.4921916856831035,-0.7052286933227503,-0.00920535662827804,50394,0.4974501438634785,-0.5589951184664841,-0.005193618980658244,50392,0.49469193372358367,-1.1077551992379744,-0.007930753061710481,50386,0.49608096041273936,-0.796431548445997,-0.003668730892883153
AUCT_02,auction,TYPE_A,517,0.47297297297297297,-0.5647969052224371,-0.0012719802552147391,517,0.4691119691119691,8.41779497098646,0.01782537974458358,517,0.4575289575289575,-7.640232108317215,-0.014289243543465887,517,0.4942084942084942,-10.251450676982591,-0.018475771133335782,517,0.4517374517374517,-22.37137330754352,-0.03726751276477066
AUCT_02,auction,TYPE_B,1272,0.4937106918238994,1.371069182389937,0.006489423454737941,1271,0.48663522012578614,-7.589299763965381,-0.028224618484498705,1271,0.4882075471698113,-8.749016522423288,-0.027924215646062175,1271,0.4811320754716981,-10.057435090479936,-0.029990651607596498,1271,0.4779874213836478,-19.444531864673486,-0.04903239108220457
AUCT_02,auction,TYPE_C,24290,0.49728283244133387,-0.005804857966241251,-0.00013747611556828756,24287,0.4969123095924249,-1.2154650636142792,-0.007715105476958891,24284,0.49370111156854674,-1.4460550156481633,-0.0067791602063113545,24281,0.4944009880609304,-2.1712861908488117,-0.008310971085358944,24276,0.4912309592424866,-1.9050090624485088,-0.005372902215214081
AUCT_03,auction,QUIET,43,0.5348837209302325,-0.9534883720930233,-0.025248842515989006,43,0.5348837209302325,7.906976744186046,0.12360845355650973,43,0.5116279069767442,15.255813953488373,0.15891304829360353,43,0.4883720930232558,13.930232558139535,0.14479367919708208,43,0.5348837209302325,45.25581395348837,0.21331040569117682
AUCT_03,auction,TYPE_C,3,0.3333333333333333,12.0,0.17304292898401305,3,0.6666666666666666,16.0,0.14375381675661894,3,0.0,-159.66666666666666,-5.697538165135931,3,0.0,-102.0,-1.6641005886756872,3,0.6666666666666666,-107.33333333333333,-0.41459574944936384
AUCT_04,auction,QUIET,76832,0.5001301541024573,0.3476155768429821,0.008500599255795552,76832,0.49256820074968766,-0.35798885880882964,-0.0036559926862449956,76831,0.49812578092461474,0.19973708529109344,0.001438506874068124,76829,0.49882861307788423,0.8433013575602962,0.0047405587997935116,76820,0.5017310495626822,2.0573548555063788,0.007716775310294113
AUCT_04,auction,TYPE_A,1053,0.5009487666034156,-7.950617283950617,-0.02301809004651383,1053,0.49240986717267554,-5.378917378917379,-0.013314566880070926,1053,0.47248576850094876,-14.792022792022792,-0.029638982288659067,1053,0.49335863377609107,-33.978157644824314,-0.061534320419367856,1053,0.47343453510436434,-47.274453941120605,-0.07260563126039342
AUCT_04,auction,TYPE_B,2750,0.5061818181818182,-0.7825454545454545,-0.004105868060634405,2749,0.492,-9.13641324117861,-0.0340904141998094,2749,0.492,-9.516551473263005,-0.028540233343614673,2749,0.48472727272727273,-18.093852309930885,-0.04948414024574138,2749,0.48763636363636365,-18.781011276827936,-0.04168824005260023
AUCT_04,auction,TYPE_C,45499,0.4968460845293303,0.10857381480911668,0.0019323322905074047,45496,0.4956372667531155,-0.4831853349745033,-0.0028069830333117087,45492,0.4945822985120552,-0.35601864064011257,-0.0014197242236703566,45489,0.4964284929339106,-0.36024093736947393,-0.0011775291200717256,45483,0.49765928921514757,0.03326517599982411,7.82880804231871e-05
AUCT_05,auction,QUIET,1998,0.48098098098098097,-0.03653653653653654,-0.0018147665644161002,1998,0.47897897897897895,-0.25475475475475473,-0.004438242348031025,1998,0.47097097097097096,-1.2672672672672673,-0.013678711391282343,1998,0.48098098098098097,0.3138138138138138,0.0029195949703227425,1997,0.4964964964964965,-4.690035052578868,-0.026247321253833625
AUCT_05,auction,TYPE_A,46,0.3404255319148936,-111.26086956521739,-0.2197478162175891,46,0.3191489361702128,-123.52173913043478,-0.24125303395160236,46,0.3617021276595745,-157.19565217391303,-0.2949076274497551,46,0.3404255319148936,-154.04347826086956,-0.2568415076250247,46,0.425531914893617,-166.2826086956522,-0.24171308340784542
AUCT_05,auction,TYPE_B,94,0.4574468085106383,-1.2553191489361701,-0.00432428195025581,94,0.4148936170212766,-7.202127659574468,-0.018710767098847572,94,0.40425531914893614,22.617021276595743,0.04885454947631775,94,0.4574468085106383,22.24468085106383,0.04662999147964575,94,0.5,-10.872340425531915,-0.02128769581354479
AUCT_05,auction,TYPE_C,1007,0.4756703078450844,0.5948361469712016,0.025299674767277135,1007,0.47368421052631576,2.9056603773584904,0.02551073341485231,1007,0.4746772591857001,-5.922542204568024,-0.03367349202811396,1007,0.47368421052631576,-10.37537239324727,-0.04656153836006773,1007,0.4756703078450844,-9.493545183714001,-0.03243082718342029
DELT_01,delta,QUIET,52359,0.48050955900609255,-0.5466108978399129,-0.012804809371387695,52359,0.49777497660383124,0.1533642735728337,0.00154252940455127,52358,0.4955404037510266,0.13004698422399633,0.0009235952527205189,52356,0.4958459863633759,-0.1351134540453816,-0.0007435883052572982,52351,0.495024733092687,-1.1581822696796622,-0.004240818171430779
DELT_01,delta,TYPE_A,848,0.4911660777385159,0.8372641509433962,0.002221583724194195,848,0.4817432273262662,-5.71816037735849,-0.013019041767404415,848,0.48998822143698467,-2.818396226415094,-0.0052506020594503,848,0.47820965842167257,0.6238207547169812,0.001057906438634091,848,0.5147232037691402,16.524764150943398,0.024311554293049088
DELT_01,delta,TYPE_B,1872,0.4732905982905983,2.030448717948718,0.00936707730709933,1871,0.4813034188034188,0.9032602886157135,0.003097777982839155,1871,0.49145299145299143,1.1411010154997328,0.003165062346001934,1871,0.49198717948717946,3.254943880277926,0.008216063126845499,1871,0.4962606837606838,0.5125601282736505,0.0010585557804822286
DELT_01,delta,TYPE_C,32344,0.49165223843680433,-0.41466732624288893,-0.006730264453121455,32341,0.4974956715310413,0.45230512352741103,0.002400583236581425,32337,0.501143952510512,0.3128923524136438,0.001155026744420975,32336,0.4989178827603265,1.1974888668975754,0.0036437813317334363,32334,0.49768117734355677,0.10880188037360054,0.00024256856392677236
DELT_02,delta,QUIET,3892,0.48098663926002055,-1.4272867420349435,-0.033365433727152415,3892,0.4858684480986639,-2.281089414182939,-0.023984710736939568,3892,0.5038540596094553,1.5878725590955807,0.01180923607646974,3892,0.5095066803699897,4.266700924974306,0.026144547795686725,3892,0.5087358684480987,4.859712230215828,0.021653399991417265
DELT_02,delta,TYPE_A,229,0.47161572052401746,-10.135371179039302,-0.050275431431111274,229,0.48034934497816595,-0.9126637554585153,-0.003395119567743325,229,0.4366812227074236,1.5676855895196506,0.00424828198855134,229,0.48034934497816595,-15.829694323144105,-0.032154239007677526,229,0.462882096069869,-32.97379912663755,-0.04840967729269423
DELT_02,delta,TYPE_B,821,0.5261875761266748,1.9939098660170524,0.01939098050804716,821,0.47503045066991473,-10.68940316686967,-0.049279299638779195,821,0.48112058465286234,-19.74908647990256,-0.07201879283152517,821,0.48477466504263095,-23.5931790499391,-0.08008558061443384,821,0.5030450669914738,-29.09500609013398,-0.07838575594365572
DELT_02,delta,TYPE_C,4884,0.4967239967239967,0.013513513513513514,0.00027043588214676576,4884,0.49692874692874694,1.3681408681408682,0.009282353904185942,4884,0.5157657657657657,3.718877968877969,0.017910799931633203,4882,0.5051187551187551,4.275911511675543,0.016912885753846193,4882,0.5002047502047502,7.004301515772225,0.018858187009851278
DELT_04,delta,QUIET,11937,0.4945128591773477,0.25408394068861523,0.006292380241129893,11937,0.5054033676803217,0.9090223674290022,0.010166569100781881,11937,0.508251654519561,0.03267152550892184,0.0002580996067355713,11936,0.5046494093993465,-0.3672084450402145,-0.002159662863621999,11936,0.5047331825416771,-2.728636058981233,-0.01092030485380764
DELT_04,delta,TYPE_A,179,0.4444444444444444,19.76536312849162,0.05409981313939314,179,0.4777777777777778,28.18435754189944,0.06318220649219834,179,0.5333333333333333,55.49162011173184,0.10195794593483247,179,0.5333333333333333,59.279329608938546,0.10007371282300707,179,0.5333333333333333,87.41340782122904,0.13079423250696862
DELT_04,delta,TYPE_B,590,0.5101694915254237,1.9983050847457626,0.01197218504787581,590,0.5033898305084745,0.2559322033898305,0.0011237046975798215,590,0.4966101694915254,5.2677966101694915,0.0179325524157526,590,0.5474576271186441,20.772881355932203,0.06526441846261263,590,0.5271186440677966,29.66949152542373,0.0702657352441076
DELT_04,delta,TYPE_C,7964,0.49183827222501253,-0.16323455549974886,-0.0032693239329423386,7963,0.4963586137619287,0.0734647745824438,0.0004660710460862688,7962,0.4937217478653943,-3.0262496860085406,-0.013036388833831004,7962,0.5015067805123054,-0.2956543582014569,-0.0010395140210867795,7961,0.5066549472626821,8.529330486119834,0.021330571219574528
DELT_07,delta,QUIET,3,0.3333333333333333,-22.333333333333332,-0.6528279811123248,3,0.3333333333333333,453.3333333333333,0.5636376210594801,3,0.3333333333333333,370.6666666666667,0.5239387013171721,3,0.6666666666666666,467.6666666666667,0.5754650661878253,3,0.6666666666666666,550.6666666666666,0.5778685307173016
DELT_10,delta,QUIET,12513,0.4898905138655798,-0.12898585471110047,-0.003301254242309832,12513,0.4994006233517142,-1.3496363781667067,-0.0139673062337462,12513,0.4996403740110285,-3.2197714377047872,-0.023308648889111883,12513,0.5009190441940382,-4.200831135618956,-0.02411576697073114,12513,0.4881323423639415,-8.36130424358667,-0.03186594659829955
DELT_10,delta,TYPE_A,192,0.43523316062176165,-22.1875,-0.06961546877287023,192,0.49222797927461137,-12.203125,-0.029389276207067442,192,0.533678756476684,-5.9375,-0.010694397183897546,192,0.5647668393782384,15.760416666666666,0.031002473237053234,192,0.5751295336787565,50.270833333333336,0.10042953431544276
DELT_10,delta,TYPE_B,521,0.45489443378119004,-7.865642994241843,-0.04414756341694231,520,0.4510556621880998,-14.367307692307692,-0.0579759982219394,520,0.4932821497120921,-10.426923076923076,-0.035000760427015984,520,0.5047984644913628,-11.934615384615384,-0.03566140345953996,520,0.5297504798464492,5.9423076923076925,0.01422127710804816
DELT_10,delta,TYPE_C,7723,0.49488540722517155,0.5951055289395313,0.012197189616738094,7722,0.49359057361129094,-1.7293447293447293,-0.010464533225035431,7719,0.5038197591609478,-0.9721466511206115,-0.004154525467533209,7719,0.5058914929431568,0.1498898821090815,0.0005142719364165194,7719,0.5039492425223359,5.988599559528437,0.014863820812536038
ENG_05,other,QUIET,73646,0.45512606337865275,-0.39801211199522035,-0.009790196225754607,73646,0.46553496620319207,-0.13377508622328435,-0.0013627605343220326,73645,0.4662674445501041,-0.34941951252630865,-0.0025171390152318274,73643,0.4660104346038192,-0.4889806227340005,-0.002744131258542055,73635,0.46394150453622557,-1.4165953690500441,-0.005298360390773655
ENG_05,other,TYPE_A,984,0.4449715370018975,-10.670731707317072,-0.03161760158958724,984,0.4411764705882353,-23.586382113821138,-0.058912463795471784,984,0.4364326375711575,-26.784552845528456,-0.05322702797871685,984,0.4449715370018975,-18.071138211382113,-0.03234596578961845,984,0.46110056925996207,-14.538617886178862,-0.022471688980996874
ENG_05,other,TYPE_B,2443,0.42945230322814654,4.061399918133443,0.020660356876545362,2442,0.43126586869786,2.414823914823915,0.008861474495353827,2442,0.43271672107363074,0.3366093366093366,0.0009964937219102126,2442,0.426550598476605,-1.1142506142506143,-0.0030184166865429834,2442,0.4309031556039173,-5.2342342342342345,-0.011492893145195995
ENG_05,other,TYPE_C,42420,0.4533586985043296,-0.8768976897689769,-0.015479129478648658,42417,0.4537522959853057,-1.673692151731617,-0.009687172934542037,42414,0.45856293186390273,-1.9916536992502476,-0.00790672903858261,42411,0.45799440216915943,-0.789512154865483,-0.0025764205887517963,42406,0.4563106796116505,-2.0500165070980523,-0.0048104395369686715
ENG_06,poc,QUIET,1103,0.21266614542611414,-0.9020852221214869,-0.028347460793184464,1103,0.21344800625488664,-0.5158658204895739,-0.006370858247071054,1103,0.20484753713838938,-0.3100634632819583,-0.002372967784087187,1103,0.20953870211102424,-1.616500453309157,-0.009352972377529528,1103,0.21032056293979673,-5.9582955575702625,-0.024537154389032312
ENG_06,poc,TYPE_A,11,0.2962962962962963,50.54545454545455,0.28185974094525235,11,0.18518518518518517,46.72727272727273,0.27980795029196454,11,0.14814814814814814,-103.36363636363636,-0.35651821954157487,11,0.18518518518518517,-138.27272727272728,-0.3933310073901477,11,0.14814814814814814,-139.63636363636363,-0.2792912423567954
ENG_06,poc,TYPE_B,52,0.1958041958041958,10.557692307692308,0.14420792457061563,52,0.2097902097902098,2.5576923076923075,0.016312655011645326,52,0.17482517482517482,-11.365384615384615,-0.05193021358110463,52,0.17482517482517482,-22.923076923076923,-0.10549549991368773,52,0.20279720279720279,28.307692307692307,0.09252483197928424
ENG_06,poc,TYPE_C,718,0.22664924885695623,-1.0181058495821727,-0.02091792562115359,718,0.2286087524493795,-4.201949860724234,-0.03637037763839566,718,0.2194644023514043,-15.541782729805014,-0.0947228001152135,718,0.22077073807968647,-23.827298050139277,-0.11072752954167805,718,0.2201175702155454,-18.76044568245125,-0.061050853490134296
EXH_01,exhaustion,QUIET,27187,0.4895722220178762,0.02806488395188877,0.0006322690709655931,27187,0.5081840585573988,1.2761614006694375,0.012973546105514185,27187,0.499282745429801,0.02019347482252547,0.00014821713289696052,27187,0.4978114540037518,-0.3623055136646191,-0.002113858383678186,27182,0.5018207231397359,-0.7850783606798617,-0.0030524599375743302
EXH_01,exhaustion,TYPE_A,570,0.49298245614035086,1.780701754385965,0.00691626387984795,570,0.49473684210526314,-8.703508771929824,-0.026225534051143366,570,0.5052631578947369,-20.05438596491228,-0.044271459807719356,570,0.5017543859649123,-3.973684210526316,-0.007800963470534567,570,0.5087719298245614,0.5614035087719298,0.0008764961270120848
EXH_01,exhaustion,TYPE_B,1985,0.4896725440806045,0.24836272040302268,0.002546261541792137,1985,0.5017632241813602,3.4005037783375314,0.01618402732053692,1985,0.5037783375314862,-0.35214105793450884,-0.0012028522542990743,1985,0.5093198992443325,6.293198992443325,0.019347133453570045,1985,0.5027707808564231,9.638790931989924,0.022433280489523717
EXH_01,exhaustion,TYPE_C,22697,0.49037317707185973,0.10829625060580693,0.0022256425490797794,22697,0.49852403401330575,-0.1722694629246156,-0.001153044005136381,22696,0.4955721020399172,-1.9929943602396898,-0.008963035197853299,22694,0.4969819799973565,-1.6227637260950032,-0.00584694777507047,22688,0.5011675551835044,-3.6990038787023978,-0.009204273448220009
EXH_02,exhaustion,QUIET,4379,0.5012559945192966,-0.2550810687371546,-0.00603516315313405,4379,0.4791048184517013,-2.2005023978077185,-0.02356415463916825,4379,0.492121488924412,1.0137017583923271,0.008061691459732283,4379,0.4939483900433889,-0.2911623658369491,-0.0016990466097070065,4378,0.49714546700159856,3.133394243947008,0.013054037363220097
EXH_02,exhaustion,TYPE_A,181,0.4696132596685083,-30.85082872928177,-0.08621907857171535,181,0.46408839779005523,-20.718232044198896,-0.050764134912128174,181,0.5138121546961326,-8.193370165745856,-0.01444189753201447,181,0.49171270718232046,-32.33701657458563,-0.05998645034799268,181,0.44751381215469616,-55.83425414364641,-0.09714206794466394
EXH_02,exhaustion,TYPE_B,435,0.5149425287356322,-1.8482758620689654,-0.014427567371300859,435,0.5126436781609195,6.1402298850574715,0.028998323607326095,435,0.5172413793103449,9.048275862068966,0.031216855637501373,435,0.5011494252873563,9.186206896551724,0.028068004922732506,435,0.5241379310344828,14.942528735632184,0.03367264295902709
EXH_02,exhaustion,TYPE_C,4740,0.5042194092827004,0.41540084388185655,0.008909219264372822,4740,0.5075949367088608,1.909282700421941,0.013650282591685882,4739,0.5075949367088608,4.572694661320954,0.021586189009053867,4739,0.509493670886076,2.4078919603291835,0.008902307236117957,4737,0.5016877637130802,-1.7565970023221449,-0.004387711036333744
EXH_03,exhaustion,QUIET,32943,0.4904532070546095,0.058525331633427435,0.001373993852000362,32943,0.5075736878851349,1.1658622469113318,0.012076185951147447,32943,0.5006829979054731,-0.05740217952220502,-0.0004283559165040172,32943,0.49949913486931974,0.2626051057887867,0.0015488771266943546,32938,0.4994080684819233,1.2195033092476775,0.0048309974350675446
EXH_03,exhaustion,TYPE_A,752,0.5099601593625498,12.590425531914894,0.03688916304266769,752,0.49667994687915007,6.51063829787234,0.01678711697255937,752,0.5205843293492696,6.440159574468085,0.013424584453025096,752,0.5033200531208499,21.727393617021278,0.041031699256703615,752,0.5245683930942895,48.652925531914896,0.07510402263997916
EXH_03,exhaustion,TYPE_B,2462,0.491876523151909,-0.22989439480097482,-0.00199282913776607,2462,0.5020308692120228,7.532493907392364,0.033745963561125934,2462,0.50446791226645,7.080422420796101,0.0237932713933724,2462,0.512591389114541,12.670999187652315,0.03821241226104482,2462,0.5101543460601138,15.475223395613323,0.036083441593850546
EXH_03,exhaustion,TYPE_C,26558,0.49277053995029746,0.38444159951803597,0.00779059109154263,26557,0.49954815874689357,0.3454833000715442,0.0022120315319905316,26556,0.49954815874689357,-0.3828889893056183,-0.001691777426497665,26553,0.5000376534377589,0.7567883101721086,0.0027129213414217894,26547,0.5025980872053618,3.461709421026858,0.008721361986324375
EXH_04,exhaustion,QUIET,323,0.5077399380804953,1.6873065015479876,0.03704797138828915,323,0.49226006191950467,-1.3436532507739938,-0.014524135176275127,323,0.5232198142414861,8.78328173374613,0.05792165493148691,323,0.4984520123839009,-5.325077399380805,-0.023635919011151113,323,0.4674922600619195,23.03405572755418,0.06477621835191855
EXH_04,exhaustion,TYPE_A,4,0.75,11.25,0.15594571538795132,4,1.0,48.5,1.0647133218999962,4,0.75,88.0,0.7921180343813394,4,1.0,157.5,1.1042643675953578,4,0.5,88.5,0.38315757466230493
EXH_04,exhaustion,TYPE_B,7,0.5714285714285714,20.0,0.32573117099222815,7,0.42857142857142855,37.142857142857146,0.22873942586512008,7,0.7142857142857143,45.0,0.2380175130129936,7,0.7142857142857143,-7.0,-0.026348206582975032,7,0.5714285714285714,-104.0,-0.20086717057323739
EXH_04,exhaustion,TYPE_C,132,0.49242424242424243,0.3333333333333333,0.0064444103440020085,132,0.44696969696969696,1.8257575757575757,0.016471090059034688,132,0.4393939393939394,-4.424242424242424,-0.02922863645821449,132,0.4393939393939394,-17.204545454545453,-0.09587200744588163,132,0.44696969696969696,-5.287878787878788,-0.015345093012279269
EXH_05,exhaustion,QUIET,13367,0.4955487394329319,0.4692900426423281,0.011141443512211491,13367,0.5010847609785292,2.7339717214034565,0.027238367547782274,13367,0.5055734270965812,2.8188823221366053,0.020514927220120754,13367,0.5065459714221591,4.243884192414154,0.024695102341798458,13367,0.5065459714221591,4.057679359616968,0.015734626958557783
EXH_05,exhaustion,TYPE_A,523,0.4933078393881453,11.227533460803059,0.044843444069870494,523,0.4780114722753346,-5.919694072657744,-0.019422568613287682,523,0.4780114722753346,-6.850860420650096,-0.01677477994954195,523,0.4875717017208413,-9.45889101338432,-0.020619877357697783,523,0.5162523900573613,-12.623326959847036,-0.021779219898111404
EXH_05,exhaustion,TYPE_B,1345,0.4929368029739777,-3.5486988847583643,-0.039707042094615994,1345,0.49814126394052044,1.212639405204461,0.005904378240026701,1345,0.5026022304832714,-0.7881040892193308,-0.0029052069913379085,1345,0.4795539033457249,-1.0802973977695167,-0.0034158038307968985,1345,0.5026022304832714,4.9182156133829,0.011919171258928166
EXH_05,exhaustion,TYPE_C,11899,0.49415917303975126,-0.3157408185561812,-0.006600570611584351,11899,0.49088158668795695,-1.6719892427935121,-0.011356610123973713,11898,0.48819228506597195,-2.8558581274163726,-0.012998690498279553,11897,0.49735271871585846,-0.9741951752542658,-0.0034694219993969652,11893,0.49836120682410284,0.8692508198099722,0.002208052711592459
IMB_01,imbalance,QUIET,77693,0.4842521205256587,-0.35958194431930807,-0.008838071828948248,77693,0.4908292896399933,-0.5545673355385942,-0.005676523242674931,77692,0.4924896708841208,-0.5835864696493848,-0.0042213496524497055,77690,0.49408569626607285,-0.8016475736903076,-0.0045219265994026585,77681,0.4926569961257771,-1.9238810005020532,-0.00724799844018294
IMB_01,imbalance,TYPE_A,1053,0.45825426944971537,-22.123456790123456,-0.06416516788944025,1053,0.4781783681214421,-22.05128205128205,-0.05466079278432903,1053,0.4667931688804554,-21.255460588793923,-0.04260981551542747,1053,0.4715370018975332,-17.150047483380817,-0.031014903746657888,1053,0.47058823529411764,-34.169040835707506,-0.05241191658957349
IMB_01,imbalance,TYPE_B,2757,0.5019949220166848,4.865070729053318,0.025566683038058046,2756,0.4889372506347479,1.6741654571843252,0.006251154648088793,2756,0.4885745375408052,1.7601596516690856,0.005283337949002473,2756,0.4856728327892637,-0.295355587808418,-0.0008077881716094214,2756,0.4929270946681175,-4.7739477503628445,-0.010601171238542057
IMB_01,imbalance,TYPE_C,45720,0.4904199475065617,-0.7951881014873141,-0.014186203150523888,45717,0.4946194225721785,-1.4481483911892732,-0.008432946493852183,45713,0.498753280839895,-0.9261041716798285,-0.0037016136193523306,45710,0.4966316710411199,-1.3167796980966966,-0.004314057313048691,45704,0.4920603674540682,-2.7629966742517067,-0.0065166124477025475
IMB_02,imbalance,QUIET,5487,0.49006743211226533,0.09713869145252414,0.0022967137823582118,5487,0.5108438126480773,2.465099325678877,0.026506608863715038,5487,0.5101148168398032,0.35921268452706395,0.002630299034947454,5487,0.505194095133953,-2.2301804264625478,-0.012254950946091225,5483,0.5035538545653363,-3.514316979755608,-0.012811495748164137
IMB_02,imbalance,TYPE_A,37,0.4864864864864865,-96.0,-0.15184304111960115,37,0.40540540540540543,-79.32432432432432,-0.12201634933078227,37,0.3783783783783784,-143.45945945945945,-0.20998668968292822,37,0.40540540540540543,-111.51351351351352,-0.15610040833619732,37,0.4594594594594595,-44.13513513513514,-0.05869670527004588
IMB_02,imbalance,TYPE_B,77,0.3246753246753247,-34.02597402597402,-0.172854704997071,77,0.37662337662337664,-59.36363636363637,-0.2172206617706537,77,0.45454545454545453,-51.675324675324674,-0.16002162572334186,77,0.45454545454545453,-69.68831168831169,-0.20101960278773529,77,0.4675324675324675,-60.09090909090909,-0.12993431726416363
IMB_02,imbalance,TYPE_C,2920,0.4934931506849315,-1.7856164383561643,-0.027402938298334602,2920,0.48698630136986304,-9.698972602739726,-0.05257562388334322,2920,0.501027397260274,-9.090753424657533,-0.035329746141679955,2920,0.5006849315068493,-5.666438356164384,-0.01826815273673683,2920,0.5013698630136987,-8.520205479452056,-0.018619620414170448
IMB_03,imbalance,QUIET,72471,0.4809785983358861,-0.5319645099419078,-0.01282076684147784,72471,0.49577072208193623,-0.20152888741703578,-0.002031587560755766,72470,0.49514978405155163,-0.4705257347868083,-0.003356871585936016,72468,0.4958397151964234,-0.8293729646188662,-0.004612744954275985,72459,0.4925970388155262,-1.9838667384313888,-0.0073781040413543044
IMB_03,imbalance,TYPE_A,1013,0.4980276134122288,6.815399802566634,0.0193566157476574,1013,0.4940828402366864,3.7186574531095755,0.009037450856558797,1013,0.48520710059171596,0.5834155972359328,0.0011468753847296382,1013,0.4812623274161736,7.507403751233959,0.013321398908565733,1013,0.5167652859960552,17.181638696939782,0.025870323902868066
IMB_03,imbalance,TYPE_B,2572,0.4801710730948678,1.8876360808709176,0.00959188432442045,2571,0.48639191290824263,0.28782574873590044,0.0010413008826549322,2571,0.49339035769828926,2.265655387008946,0.006595958145739005,2571,0.49494556765163294,4.077012835472579,0.010830080091891636,2571,0.5027216174183515,3.2329832749902763,0.006977818101980303
IMB_03,imbalance,TYPE_C,42183,0.492449564990636,-0.47867624398454356,-0.008278109737927053,42180,0.4941564137211673,0.10085348506401139,0.0005723633162672885,42176,0.5000355593485527,0.555861153262519,0.0021563416531506065,42174,0.49849465424460093,1.614952340304453,0.0051452640605423915,42168,0.49880283526539126,0.9930041737810662,0.002283925025159652
IMB_04,imbalance,QUIET,33669,0.4859069173423624,-0.14693041076361044,-0.0034206951112404106,33669,0.49989604680863703,1.0447295731978972,0.010737873396057612,33669,0.4950250972704862,0.08289524488401794,0.000607112212145313,33669,0.49612403100775193,0.4107042086192046,0.0023775814424107566,33664,0.4955300127713921,0.2187797053231939,0.000854837096740572
IMB_04,imbalance,TYPE_A,676,0.5096011816838996,18.252958579881657,0.05373419802158722,676,0.51698670605613,9.57396449704142,0.02490727766272635,676,0.5110782865583456,-3.223372781065089,-0.006628795946451193,676,0.4933530280649926,10.125739644970414,0.01902158525914468,676,0.51698670605613,14.065088757396449,0.021113507060409414
IMB_04,imbalance,TYPE_B,2111,0.4827096162955945,-2.0885836096636665,-0.015478358478290544,2111,0.49265750828991,1.1397441970630033,0.0047689624118735655,2111,0.4921837991473235,-1.2183799147323544,-0.003886055898862515,2111,0.5026054002842255,5.2036949313121745,0.0149525400126563,2111,0.49692089057318806,7.712458550450024,0.01719488759058039
IMB_04,imbalance,TYPE_C,25043,0.491634388851176,-0.22529249690532285,-0.0043259070262146124,25042,0.49311184762209,-1.3209807523360755,-0.008185121828372393,25041,0.4949486882561993,-3.197516073639232,-0.013646057759570602,25039,0.49606676516391807,-2.129198450417349,-0.007346088127766448,25033,0.49642614702711335,-5.148803579275357,-0.012605673041127837
IMB_05,imbalance,QUIET,33153,0.4933791813712183,0.20707025005278556,0.004795909137477185,33153,0.4994118179350285,0.6124935903236509,0.0062701061734054,33153,0.4979639851597141,-0.18782613941423099,-0.0013726367621025818,33153,0.49980393931167616,0.7608662866105631,0.004384231457538003,33147,0.5020963412059241,-0.9328446013213866,-0.003628470629879468
IMB_05,imbalance,TYPE_A,670,0.4977645305514158,-1.291044776119403,-0.003781962679425651,670,0.518628912071535,9.883582089552238,0.025619465468420578,670,0.5469448584202683,24.611940298507463,0.0504937931909439,670,0.5245901639344263,36.822388059701495,0.06908481653443548,670,0.5156482861400894,36.85820895522388,0.05518593777681695
IMB_05,imbalance,TYPE_B,2083,0.48391742678828614,-0.4066250600096015,-0.0030018538975742633,2083,0.4800768122899664,-2.2933269323091694,-0.009551302820683182,2083,0.49063850216034566,0.771003360537686,0.0024502393598778453,2083,0.4911185789726356,-2.7081132981277003,-0.007772291438550398,2083,0.47959673547767645,-4.007681228996639,-0.00892833070429774
IMB_05,imbalance,TYPE_C,24612,0.49325532260685845,0.542987160734601,0.010374795769143469,24611,0.49699333658378025,-1.0832960871155175,-0.006697519197484072,24610,0.4988217129855355,-2.015725314912637,-0.008566685503727755,24608,0.49748090362424835,-2.142433355006502,-0.007386077164666287,24602,0.49817162359824474,-0.34647589626859604,-0.0008452633660471669
IMB_06,imbalance,QUIET,76717,0.4844949620032066,-0.35481053742977436,-0.008678753313260953,76717,0.4909863524381819,-0.5247076919066178,-0.005381251827065953,76716,0.49274606671272336,-0.5439021846811617,-0.003936979266852173,76714,0.49431025717898247,-0.8267591313189249,-0.004664629038448073,76705,0.4929937302032144,-1.8115116354866045,-0.006811013925756908
IMB_06,imbalance,TYPE_A,1036,0.4570877531340405,-24.211389961389962,-0.0732019534823565,1036,0.4773384763741562,-24.232625482625483,-0.061580618016990704,1036,0.46769527483124396,-22.656370656370655,-0.04582081884990792,1036,0.4725168756027001,-18.775096525096526,-0.03416779269411978,1036,0.47058823529411764,-37.592664092664094,-0.05797645947011624
IMB_06,imbalance,TYPE_B,2736,0.5007309941520468,2.6692251461988303,0.01482424807081954,2735,0.48793859649122806,-0.7184643510054844,-0.002750956952497531,2735,0.48757309941520466,-1.2862888482632542,-0.003933414439540783,2735,0.48355263157894735,-3.7191956124314443,-0.01033241266319037,2735,0.49122807017543857,-8.10347349177331,-0.018240055930656814
IMB_06,imbalance,TYPE_C,45337,0.4902838740984185,-0.7591150715750932,-0.013662882705449452,45334,0.4947173390387542,-1.466779900295584,-0.008546145519375305,45330,0.49899640470256085,-0.8793955437899845,-0.003510267490524787,45327,0.4969892141076825,-1.1813268030092439,-0.00386424604487751,45321,0.492313121732801,-2.763729838264822,-0.006504655579858261
IMB_07,imbalance,QUIET,38123,0.48178265089316163,-0.20402381764289274,-0.005046174580065604,38123,0.49862287857723686,0.3062718044225271,0.0032007702258897604,38122,0.49673425491173306,-0.6402864487697393,-0.004618298538386936,38121,0.4956850195420088,-2.015503265916424,-0.01112843057181788,38115,0.49426855179288093,-3.7583628492719403,-0.013843667375817902
IMB_07,imbalance,TYPE_A,380,0.46194225721784776,-31.9,-0.08757790095303651,380,0.48556430446194226,-34.42631578947368,-0.07997176545676118,380,0.5275590551181102,-10.381578947368421,-0.019823654771695377,380,0.49868766404199477,18.323684210526316,0.03153725838886029,380,0.5144356955380578,24.70263157894737,0.039865118210995865
IMB_07,imbalance,TYPE_B,910,0.47692307692307695,-8.053846153846154,-0.0500381926357165,910,0.4824175824175824,-0.5461538461538461,-0.0022106401431434184,910,0.5010989010989011,2.7296703296703297,0.008558135152935926,910,0.5098901098901099,7.036263736263736,0.019360457932664502,910,0.5142857142857142,12.94065934065934,0.030128027769353083
IMB_07,imbalance,TYPE_C,21100,0.49018957345971564,-0.33118483412322275,-0.00556728029980077,21099,0.49450236966824646,-0.7050571117114555,-0.0038268164690969456,21096,0.5027014218009479,1.410693970420933,0.005426343228335011,21096,0.5019431279620853,1.0047402351156618,0.003182719066699469,21093,0.5004265402843602,1.1947565543071161,0.0026957247179393296
IMB_08,imbalance,QUIET,74507,0.48296133249224904,-0.3967144026735743,-0.009596514176193942,74507,0.49347041217603715,-0.4336505294804515,-0.0043673540824525426,74506,0.49487967573516584,-0.21920382251093873,-0.001562223943577761,74504,0.49538969492799334,-0.34571298185332333,-0.001921380016683133,74495,0.49572523387064305,-1.3364789583193504,-0.004963037347392795
IMB_08,imbalance,TYPE_A,1047,0.4732824427480916,-17.93505253104107,-0.051832800643758746,1047,0.4761450381679389,-12.355300859598854,-0.030509642268848274,1047,0.4761450381679389,-1.3075453677172875,-0.002611609314034291,1047,0.47900763358778625,-2.822349570200573,-0.0050878610580868434,1047,0.4761450381679389,-7.0,-0.010693663152383327
IMB_08,imbalance,TYPE_B,2694,0.4933184855233853,-1.1302895322939865,-0.005871478370800928,2693,0.4910913140311804,-0.9855180096546602,-0.0036386340941078044,2693,0.5011135857461024,0.9071667285555143,0.002692759617250793,2693,0.4940608760207869,-3.00185666542889,-0.008124490650846437,2693,0.4970304380103935,-7.786854808763461,-0.01712124659091965
IMB_08,imbalance,TYPE_C,43806,0.49342555814272016,-0.212916038898781,-0.003727301940168996,43803,0.4944756426060357,0.045225212884962215,0.0002592385939559566,43799,0.5009131169246221,1.7308842667640814,0.00679798927547303,43796,0.49906405515226226,1.7752991140743446,0.005724537255660482,43790,0.50082180523216,3.9337063256451246,0.009137965085613113
IMB_09,imbalance,QUIET,32126,0.483907115731806,-0.6467658594285003,-0.01544809245072694,32126,0.49501961028450475,0.25004669115358275,0.002478545563337841,32126,0.49850588308535143,0.3462927224055282,0.0024734431272879554,32126,0.5007781858930461,0.6322604743821204,0.0035683456923598397,32123,0.5004357841001058,0.2771845718021355,0.0010417649028165304
IMB_09,imbalance,TYPE_A,480,0.49583333333333335,22.441666666666666,0.07170532279751195,480,0.4979166666666667,19.666666666666668,0.05119687266711883,480,0.50625,16.5,0.03410279060211128,480,0.49166666666666664,7.647916666666666,0.01401109958468108,480,0.5270833333333333,13.158333333333333,0.018664134325446596
IMB_09,imbalance,TYPE_B,1149,0.4969538729329852,0.8233246301131418,0.005247192137469172,1148,0.4995648389904265,-2.4729965156794425,-0.008877480870489944,1148,0.4917319408181027,-3.5888501742160277,-0.010405564379076125,1148,0.47867711053089645,-6.280487804878049,-0.016353140040662417,1148,0.5091383812010444,6.061846689895471,0.012225791580253336
IMB_09,imbalance,TYPE_C,19513,0.4898785425101215,-1.0452006354737866,-0.018127089839129744,19511,0.4939271255060729,-2.002511403823484,-0.011583948571383822,19509,0.49341464664582585,-3.1904249320826286,-0.012529434448945052,19508,0.4929021677855788,-2.412856264096781,-0.007839403698936232,19505,0.49700199866755496,-0.34396308638810563,-0.0008089874363091028
REGIME_CHANGE,other,QUIET,0,0.0,,,0,0.0,,,0,0.0,,,0,0.0,,,0,0.0,,
REGIME_CHANGE,other,TYPE_A,0,0.0,,,0,0.0,,,0,0.0,,,0,0.0,,,0,0.0,,
REGIME_CHANGE,other,TYPE_B,0,0.0,,,0,0.0,,,0,0.0,,,0,0.0,,,0,0.0,,
REGIME_CHANGE,other,TYPE_C,0,0.0,,,0,0.0,,,0,0.0,,,0,0.0,,,0,0.0,,
TRAP_01,trapped,QUIET,71811,0.4936987369623038,0.34146579214883516,0.008354184542636513,71811,0.49198590745150467,0.1268886382309117,0.0013304471915642812,71810,0.4951748339390901,0.2933992480155967,0.0021669464995775823,71809,0.4938519168372533,0.9252322132323246,0.005334336780367187,71800,0.4927935831557839,1.6383147632311978,0.006280284610212918
TRAP_01,trapped,TYPE_A,1041,0.4971209213051823,-2.4447646493756006,-0.007038785136791955,1041,0.4990403071017274,-9.003842459173871,-0.022177162738670375,1041,0.4932821497120921,-8.003842459173871,-0.015953943941415853,1041,0.5095969289827256,-15.473583093179634,-0.02785534378255256,1041,0.5095969289827256,-12.951969260326608,-0.019765847800390493
TRAP_01,trapped,TYPE_B,2745,0.5041894353369764,0.049908925318761385,0.00027435776743952114,2744,0.5096539162112933,-3.3469387755102042,-0.012728721167547695,2744,0.4965391621129326,-5.710641399416909,-0.017336210974637008,2744,0.48160291438979963,-11.150510204081632,-0.03077306279004663,2744,0.4681238615664845,-10.94497084548105,-0.024462577951655257
TRAP_01,trapped,TYPE_C,45099,0.4919843012040178,-0.07241845717199938,-0.0012976487045164979,45096,0.49193995432271226,-1.0720241263083201,-0.00627428044702505,45093,0.48923479456307234,-2.0583239083671523,-0.008265503879723387,45090,0.48925696800372515,-2.1992015968063874,-0.007229757222359155,45084,0.48907958047850286,-3.715065211605004,-0.00877767982126124
TRAP_04,trapped,QUIET,4204,0.4747859181731684,-1.7076593720266413,-0.03183945084331054,4204,0.48882017126546146,-0.8449096098953378,-0.006158140241677005,4203,0.48001902949571834,-3.4946466809421843,-0.01865286264593878,4203,0.47882968601332065,-2.96240780394956,-0.013619749176481687,4203,0.47906755470980017,-7.997620747085415,-0.02621469677002492
TRAP_04,trapped,TYPE_A,502,0.46520874751491054,-6.701195219123506,-0.015684152247215685,502,0.4970178926441352,-6.908366533864542,-0.01451669789147795,502,0.5029821073558648,1.1075697211155378,0.0019372516916925512,502,0.48111332007952284,18.625498007968126,0.030044979686743536,502,0.5149105367793241,31.693227091633467,0.04532503883367359
TRAP_04,trapped,TYPE_B,421,0.4916864608076009,16.5083135391924,0.039642699008736064,420,0.5106888361045131,44.85,0.09463013516545916,420,0.5273159144893111,39.857142857142854,0.07187289193358189,420,0.5083135391923991,44.30714285714286,0.07604615489939316,420,0.5225653206650831,38.09761904761905,0.06374797850294714
TRAP_04,trapped,TYPE_C,4840,0.4909090909090909,0.5384297520661157,0.008640718629651581,4838,0.48946280991735536,6.3224472922695325,0.022018890574270183,4834,0.4933884297520661,2.954902772031444,0.0075191197256174415,4834,0.49855371900826445,3.3516756309474554,0.007574212076299563,4834,0.5047520661157024,6.687422424493174,0.012107874085395057
TRAP_05,trapped,QUIET,32542,0.4793497633827054,-0.5008911560444963,-0.0123497012406339,32542,0.489060291315838,-0.5949542130170241,-0.00630945517291514,32542,0.4883842419027718,-0.5157949726507283,-0.0037437816568652456,32542,0.48552639665662833,-2.3832278286522035,-0.013485945350459607,32538,0.47793620551902155,-6.825680742516442,-0.026107089799761944
TRAP_05,trapped,TYPE_A,499,0.4729458917835671,1.9879759519038076,0.005737106223102239,499,0.4729458917835671,-17.38877755511022,-0.04149251449210902,499,0.4589178356713427,-26.727454909819638,-0.05129886193480348,499,0.44288577154308617,-40.85370741482966,-0.07272865417319878,499,0.4729458917835671,-44.098196392785574,-0.0671425430858255
TRAP_05,trapped,TYPE_B,1244,0.4855305466237942,5.354501607717042,0.02887861615472677,1243,0.5032154340836013,8.268704746580854,0.03139595705060022,1243,0.4887459807073955,-1.9412711182622686,-0.00607676253991677,1243,0.4742765273311897,-0.04344328238133548,-0.00012222452684826392,1243,0.4879421221864952,-20.30812550281577,-0.04484762066178342
TRAP_05,trapped,TYPE_C,19767,0.48677088076086406,-0.9428846056558912,-0.01661962665425203,19766,0.4858602721707897,-1.973793382576141,-0.011429501264806,19764,0.48874386603935854,-2.3681441003845376,-0.00938311116366399,19762,0.48945211716497194,-3.3085214047161218,-0.010618151744880762,19759,0.49016036829058535,-2.935978541424161,-0.006808664122345654
VOLP_03,volume_profile,QUIET,296,0.4511784511784512,-4.908783783783784,-0.04266637110618669,296,0.48148148148148145,5.929054054054054,0.034113975292160766,296,0.48484848484848486,3.7871621621621623,0.0192109145301077,296,0.5016835016835017,5.168918918918919,0.02332211861611345,296,0.49158249158249157,36.138513513513516,0.1022956755965759
VOLP_03,volume_profile,TYPE_A,638,0.4860248447204969,-11.927899686520377,-0.027176974377008323,638,0.4751552795031056,-14.705329153605016,-0.0297276821829757,638,0.4720496894409938,-19.37617554858934,-0.033104099034456574,638,0.4658385093167702,-14.380877742946709,-0.022025525239484135,638,0.4751552795031056,-4.54858934169279,-0.006241567863825526
VOLP_03,volume_profile,TYPE_B,507,0.4372549019607843,2.8520710059171597,0.006929931636956223,506,0.4627450980392157,16.99802371541502,0.03602211369149563,506,0.4725490196078431,25.466403162055336,0.04776926336333048,506,0.4823529411764706,33.855731225296445,0.06140437341140135,506,0.503921568627451,31.654150197628457,0.05319306439180529
VOLP_03,volume_profile,TYPE_C,116,0.43103448275862066,-36.37931034482759,-0.1546740393156451,116,0.3879310344827586,-54.525862068965516,-0.13462664125257498,116,0.45689655172413796,-84.28448275862068,-0.1678910626126061,116,0.3879310344827586,-82.16379310344827,-0.17089346740527292,116,0.43103448275862066,-101.0,-0.17140363575296044
VOLP_06,volume_profile,TYPE_A,13,0.6153846153846154,49.07692307692308,0.12958046933626638,13,0.6153846153846154,31.0,0.07700427635344287,13,0.6153846153846154,72.3076923076923,0.15817447505600127,13,0.6153846153846154,81.61538461538461,0.17473226210532736,13,0.5384615384615384,71.61538461538461,0.1615301835367651
VOLP_06,volume_profile,TYPE_B,19,0.5263157894736842,149.52631578947367,0.2115081313305183,19,0.5263157894736842,154.21052631578948,0.21423557831325518,19,0.5789473684210527,207.42105263157896,0.2621671880362023,19,0.5789473684210527,269.10526315789474,0.30669905035310024,19,0.631578947368421,122.57894736842105,0.22239364597790165
