bar_ts,session,side,entry,exit,exit_reason,pnl,cum_pnl,signal_type,score
2026-01-02 10:31:00,2026-01-02,SHORT,25712.0,25697.0,TARGET,299.3,299.3,both,58.5
2026-01-05 15:11:00,2026-01-05,LONG,25601.75,25593.75,STOP,-160.7,138.6,both,54.0
2026-01-06 09:50:00,2026-01-06,LONG,25608.25,25623.25,TARGET,299.3,437.9,both,65.0
2026-01-06 10:35:00,2026-01-06,LONG,25651.25,25666.25,TARGET,299.3,737.2,both,59.1
2026-01-07 10:28:00,2026-01-07,LONG,25787.0,25779.0,STOP,-160.7,576.5,both,56.6
2026-01-07 10:30:00,2026-01-07,SHORT,25777.0,25785.0,STOP,-160.7,415.8,both,64.4
2026-01-07 10:33:00,2026-01-07,SHORT,25799.0,25807.0,STOP,-160.7,255.1,both,60.0
2026-01-07 11:39:00,2026-01-07,LONG,25852.5,25867.5,TARGET,299.3,554.4,both,60.5
2026-01-07 13:52:00,2026-01-07,LONG,25971.25,25963.25,STOP,-160.7,393.7,both,56.8
2026-01-07 13:56:00,2026-01-07,SHORT,25967.25,25952.25,TARGET,299.3,693.0,both,54.1
2026-01-07 15:13:00,2026-01-07,LONG,25913.75,25905.75,STOP,-160.7,532.3,both,53.6
2026-01-08 10:29:00,2026-01-08,LONG,25786.75,25778.75,STOP,-160.7,371.6,both,58.4
2026-01-09 10:32:00,2026-01-09,LONG,25671.0,25686.0,TARGET,299.3,670.9,both,56.6
2026-01-09 10:38:00,2026-01-09,SHORT,25765.5,25750.5,TARGET,299.3,970.2,both,51.2
2026-01-09 14:36:00,2026-01-09,SHORT,25937.75,25945.75,STOP,-160.7,809.5,both,50.7
2026-01-12 10:32:00,2026-01-12,SHORT,25830.5,25838.5,STOP,-160.7,648.8,both,63.3
2026-01-12 11:24:00,2026-01-12,SHORT,25918.5,25926.5,STOP,-160.7,488.1,both,52.6
2026-01-12 15:27:00,2026-01-12,SHORT,25997.5,26005.5,STOP,-160.7,327.4,both,51.4
2026-01-13 10:30:00,2026-01-13,LONG,25972.5,25964.5,STOP,-160.7,166.7,both,57.8
2026-01-13 12:27:00,2026-01-13,LONG,25892.5,25907.5,TARGET,299.3,466.0,both,65.0
2026-01-13 13:31:00,2026-01-13,LONG,25960.0,25952.0,STOP,-160.7,305.3,both,65.0
2026-01-14 09:45:00,2026-01-14,LONG,25753.25,25745.25,STOP,-160.7,144.6,both,55.2
2026-01-14 10:32:00,2026-01-14,LONG,25690.25,25705.25,TARGET,299.3,443.9,both,63.1
2026-01-14 12:28:00,2026-01-14,SHORT,25573.25,25581.25,STOP,-160.7,283.2,both,52.3
2026-01-15 11:24:00,2026-01-15,SHORT,25897.0,25882.0,TARGET,299.3,582.5,both,53.9
2026-01-15 11:56:00,2026-01-15,LONG,25840.25,25855.25,TARGET,299.3,881.8,both,52.1
2026-01-15 14:31:00,2026-01-15,SHORT,25898.5,25906.5,STOP,-160.7,721.1,both,56.2
2026-01-15 14:51:00,2026-01-15,LONG,25885.75,25877.75,STOP,-160.7,560.4,both,50.3
2026-01-15 15:04:00,2026-01-15,LONG,25843.5,25835.5,STOP,-160.7,399.7,both,50.8
2026-01-16 10:25:00,2026-01-16,LONG,25840.0,25855.0,TARGET,299.3,699.0,both,65.0
2026-01-16 10:30:00,2026-01-16,LONG,25883.0,25875.0,STOP,-160.7,538.3,both,65.0
2026-01-16 13:31:00,2026-01-16,LONG,25688.0,25703.0,TARGET,299.3,837.6,both,51.2
2026-01-16 13:46:00,2026-01-16,LONG,25685.25,25677.25,STOP,-160.7,676.9,both,54.2
2026-01-19 11:55:00,2026-01-19,LONG,25320.25,25312.25,STOP,-160.7,516.2,both,51.7
2026-01-19 13:45:00,2026-01-19,SHORT,25409.5,25394.75,FLATTEN,294.3,810.5,both,55.9
2026-01-20 09:34:00,2026-01-20,LONG,25217.0,25209.0,STOP,-160.7,649.8,both,56.7
2026-01-20 14:40:00,2026-01-20,LONG,25216.5,25208.5,STOP,-160.7,489.1,both,57.0
2026-01-21 10:20:00,2026-01-21,LONG,25208.0,25223.0,TARGET,299.3,788.4,both,52.8
2026-01-21 10:30:00,2026-01-21,LONG,25213.0,25205.0,STOP,-160.7,627.7,both,63.4
2026-01-21 12:32:00,2026-01-21,LONG,25432.75,25424.75,STOP,-160.7,467.0,both,55.5
2026-01-22 10:24:00,2026-01-22,LONG,25715.5,25730.5,TARGET,299.3,766.3,both,51.0
2026-01-22 10:29:00,2026-01-22,LONG,25729.25,25721.25,STOP,-160.7,605.6,both,54.7
2026-01-22 10:32:00,2026-01-22,LONG,25690.25,25682.25,STOP,-160.7,444.9,both,55.8
2026-01-23 10:29:00,2026-01-23,SHORT,25607.75,25615.75,STOP,-160.7,284.2,both,59.9
2026-01-23 14:45:00,2026-01-23,LONG,25725.75,25740.75,TARGET,299.3,583.5,both,53.4
2026-01-26 09:37:00,2026-01-26,LONG,25673.5,25665.5,STOP,-160.7,422.8,both,54.0
2026-01-26 12:00:00,2026-01-26,LONG,25890.75,25882.75,STOP,-160.7,262.1,both,51.2
2026-01-27 10:30:00,2026-01-27,LONG,25981.25,25996.25,TARGET,299.3,561.4,both,65.0
2026-01-27 10:32:00,2026-01-27,SHORT,25993.75,25978.75,TARGET,299.3,860.7,both,61.1
2026-01-27 14:02:00,2026-01-27,LONG,26050.75,26065.75,TARGET,299.3,1160.0,both,59.9
2026-01-28 09:41:00,2026-01-28,LONG,26264.75,26279.75,TARGET,299.3,1459.3,both,52.2
2026-01-28 15:00:00,2026-01-28,LONG,26182.75,26174.75,STOP,-160.7,1298.6,both,50.7
2026-01-29 10:05:00,2026-01-29,LONG,26158.25,26173.25,TARGET,299.3,1597.9,both,59.1
2026-01-29 10:27:00,2026-01-29,LONG,26147.0,26139.0,STOP,-160.7,1437.2,both,59.6
2026-01-29 10:30:00,2026-01-29,SHORT,26139.75,26147.75,STOP,-160.7,1276.5,both,65.0
2026-01-29 10:31:00,2026-01-29,SHORT,26119.0,26127.0,STOP,-160.7,1115.8,both,62.5
2026-01-29 10:37:00,2026-01-29,LONG,26033.0,26025.0,STOP,-160.7,955.1,both,50.4
2026-01-29 14:40:00,2026-01-29,SHORT,25876.75,25861.75,TARGET,299.3,1254.4,both,55.6
2026-01-29 15:01:00,2026-01-29,LONG,25836.75,25851.75,TARGET,299.3,1553.7,both,57.3
2026-01-30 10:28:00,2026-01-30,LONG,25829.25,25821.25,STOP,-160.7,1393.0,both,53.1
2026-01-30 12:18:00,2026-01-30,LONG,25797.25,25789.25,STOP,-160.7,1232.3,both,50.8
2026-02-02 10:32:00,2026-02-02,SHORT,25636.75,25621.75,TARGET,299.3,1531.6,both,64.6
2026-02-02 13:35:00,2026-02-02,SHORT,25920.5,25905.5,TARGET,299.3,1830.9,both,50.1
2026-02-02 13:56:00,2026-02-02,SHORT,25932.25,25917.25,TARGET,299.3,2130.2,both,55.9
2026-02-03 10:16:00,2026-02-03,LONG,25947.0,25939.0,STOP,-160.7,1969.5,both,54.3
2026-02-03 10:25:00,2026-02-03,SHORT,25942.5,25950.5,STOP,-160.7,1808.8,both,57.9
2026-02-03 10:30:00,2026-02-03,LONG,25940.75,25932.75,STOP,-160.7,1648.1,both,65.0
2026-02-03 10:34:00,2026-02-03,LONG,25876.0,25868.0,STOP,-160.7,1487.4,both,52.5
2026-02-03 15:00:00,2026-02-03,LONG,25251.75,25243.75,STOP,-160.7,1326.7,both,55.4
2026-02-04 10:27:00,2026-02-04,SHORT,25367.75,25375.75,STOP,-160.7,1166.0,both,60.0
2026-02-04 10:32:00,2026-02-04,LONG,25268.5,25260.5,STOP,-160.7,1005.3,both,63.6
2026-02-04 10:36:00,2026-02-04,SHORT,25333.25,25341.25,STOP,-160.7,844.6,both,51.5
2026-02-05 10:00:00,2026-02-05,LONG,24774.75,24789.75,TARGET,299.3,1143.9,both,62.8
2026-02-05 10:33:00,2026-02-05,SHORT,24712.0,24720.0,STOP,-160.7,983.2,both,51.7
2026-02-06 10:28:00,2026-02-06,LONG,24764.0,24779.0,TARGET,299.3,1282.5,both,60.2
2026-02-06 10:29:00,2026-02-06,SHORT,24760.25,24768.25,STOP,-160.7,1121.8,both,62.5
2026-02-06 10:36:00,2026-02-06,LONG,24858.25,24850.25,STOP,-160.7,961.1,both,53.2
2026-02-09 10:31:00,2026-02-09,LONG,25006.75,24998.75,STOP,-160.7,800.4,both,63.6
2026-02-09 12:47:00,2026-02-09,SHORT,25381.0,25389.0,STOP,-160.7,639.7,both,51.5
2026-02-10 10:28:00,2026-02-10,LONG,25388.5,25380.5,STOP,-160.7,479.0,both,60.3
2026-02-10 10:31:00,2026-02-10,SHORT,25371.5,25379.5,STOP,-160.7,318.3,both,63.7
2026-02-10 10:32:00,2026-02-10,LONG,25380.75,25372.75,STOP,-160.7,157.6,both,55.6
2026-02-10 12:15:00,2026-02-10,LONG,25374.25,25389.25,TARGET,299.3,456.9,both,50.5
2026-02-11 10:33:00,2026-02-11,LONG,25421.5,25413.5,STOP,-160.7,296.2,both,55.5
2026-02-11 15:09:00,2026-02-11,LONG,25282.5,25274.5,STOP,-160.7,135.5,both,61.2
2026-02-12 09:38:00,2026-02-12,SHORT,25382.75,25390.75,STOP,-160.7,-25.2,both,59.0
2026-02-12 10:38:00,2026-02-12,SHORT,25362.25,25347.25,TARGET,299.3,274.1,both,51.3
2026-02-13 10:30:00,2026-02-13,LONG,24743.0,24735.0,STOP,-160.7,113.4,both,65.0
2026-02-13 10:35:00,2026-02-13,LONG,24729.5,24721.5,STOP,-160.7,-47.3,both,55.9
2026-02-16 10:17:00,2026-02-16,LONG,24781.75,24773.75,STOP,-160.7,-208.0,both,50.0
2026-02-17 09:52:00,2026-02-17,SHORT,24684.25,24669.25,TARGET,299.3,91.3,both,61.3
2026-02-19 10:36:00,2026-02-19,LONG,24795.5,24810.5,TARGET,299.3,390.6,both,59.3
2026-02-19 14:20:00,2026-02-19,LONG,24767.75,24759.75,STOP,-160.7,229.9,both,56.2
2026-02-20 09:33:00,2026-02-20,LONG,24773.5,24765.5,STOP,-160.7,69.2,both,57.7
2026-02-20 10:29:00,2026-02-20,LONG,24715.5,24707.5,STOP,-160.7,-91.5,both,56.9
2026-02-20 10:30:00,2026-02-20,LONG,24725.25,24740.25,TARGET,299.3,207.8,both,65.0
2026-02-20 13:55:00,2026-02-20,LONG,25012.25,25027.25,TARGET,299.3,507.1,both,55.6
2026-02-20 14:23:00,2026-02-20,SHORT,24962.5,24970.5,STOP,-160.7,346.4,both,51.0
2026-02-20 14:24:00,2026-02-20,LONG,24984.5,24976.5,STOP,-160.7,185.7,both,52.9
2026-02-20 14:30:00,2026-02-20,LONG,24980.25,24972.25,STOP,-160.7,25.0,both,52.2
2026-02-24 15:17:00,2026-02-24,LONG,25001.75,25016.75,TARGET,299.3,324.3,both,54.3
2026-02-25 10:19:00,2026-02-25,LONG,25140.25,25155.25,TARGET,299.3,623.6,both,62.2
2026-02-25 13:08:00,2026-02-25,LONG,25330.75,25322.75,STOP,-160.7,462.9,both,64.5
2026-02-25 13:30:00,2026-02-25,LONG,25322.0,25337.0,TARGET,299.3,762.2,both,55.9
2026-02-25 15:02:00,2026-02-25,SHORT,25361.0,25369.0,STOP,-160.7,601.5,both,65.0
2026-02-26 15:00:00,2026-02-26,LONG,24998.25,25013.25,TARGET,299.3,900.8,both,51.1
2026-02-27 10:30:00,2026-02-27,SHORT,24828.25,24836.25,STOP,-160.7,740.1,both,65.0
2026-02-27 13:30:00,2026-02-27,SHORT,24957.0,24942.0,TARGET,299.3,1039.4,both,55.1
2026-02-27 13:31:00,2026-02-27,LONG,24952.0,24967.0,TARGET,299.3,1338.7,both,51.9
2026-03-02 10:30:00,2026-03-02,LONG,24683.75,24698.75,TARGET,299.3,1638.0,both,61.1
2026-03-02 10:33:00,2026-03-02,SHORT,24786.75,24794.75,STOP,-160.7,1477.3,both,56.6
2026-03-02 14:38:00,2026-03-02,LONG,25013.25,25005.25,STOP,-160.7,1316.6,both,54.1
2026-03-03 10:35:00,2026-03-03,LONG,24551.75,24543.75,STOP,-160.7,1155.9,both,52.3
2026-03-06 10:30:00,2026-03-06,SHORT,24682.0,24690.0,STOP,-160.7,995.2,both,65.0
2026-03-06 10:33:00,2026-03-06,SHORT,24697.25,24705.25,STOP,-160.7,834.5,both,53.9
2026-03-09 14:21:00,2026-03-09,SHORT,24647.25,24632.25,TARGET,299.3,1133.8,both,57.0
2026-03-11 09:35:00,2026-03-11,SHORT,25079.5,25087.5,STOP,-160.7,973.1,both,51.7
2026-03-11 13:40:00,2026-03-11,SHORT,24919.5,24904.5,TARGET,299.3,1272.4,both,51.8
2026-03-12 15:01:00,2026-03-12,SHORT,24595.75,24580.75,TARGET,299.3,1571.7,both,52.2
2026-03-13 09:33:00,2026-03-13,SHORT,24663.5,24671.5,STOP,-160.7,1411.0,both,58.8
2026-03-13 13:50:00,2026-03-13,LONG,24367.75,24382.75,TARGET,299.3,1710.3,both,50.5
2026-03-16 15:10:00,2026-03-16,SHORT,24770.0,24755.0,TARGET,299.3,2009.6,both,65.0
2026-03-17 11:31:00,2026-03-17,SHORT,24800.5,24785.5,TARGET,299.3,2308.9,both,56.0
2026-03-17 15:02:00,2026-03-17,SHORT,24788.75,24773.75,TARGET,299.3,2608.2,both,50.5
2026-03-18 11:09:00,2026-03-18,LONG,24713.0,24705.0,STOP,-160.7,2447.5,both,50.2
2026-03-18 13:31:00,2026-03-18,LONG,24601.25,24616.25,TARGET,299.3,2746.8,both,55.7
2026-03-18 14:37:00,2026-03-18,SHORT,24609.25,24617.25,STOP,-160.7,2586.1,both,50.4
2026-03-18 15:23:00,2026-03-18,LONG,24506.25,24498.25,STOP,-160.7,2425.4,both,53.1
2026-03-23 14:35:00,2026-03-23,SHORT,24515.5,24523.5,STOP,-160.7,2264.7,both,58.4
2026-03-24 10:52:00,2026-03-24,SHORT,24296.5,24304.5,STOP,-160.7,2104.0,both,65.0
2026-03-24 12:38:00,2026-03-24,LONG,24263.5,24255.5,STOP,-160.7,1943.3,both,56.7
2026-03-24 13:52:00,2026-03-24,SHORT,24188.75,24196.75,STOP,-160.7,1782.6,both,61.4
2026-03-25 13:52:00,2026-03-25,SHORT,24420.75,24405.75,TARGET,299.3,2081.9,both,51.2
2026-03-25 13:58:00,2026-03-25,SHORT,24432.25,24417.25,TARGET,299.3,2381.2,both,51.7
2026-03-26 10:40:00,2026-03-26,SHORT,24179.75,24164.75,TARGET,299.3,2680.5,both,62.2
2026-03-26 10:41:00,2026-03-26,LONG,24175.0,24167.0,STOP,-160.7,2519.8,both,61.8
2026-03-26 10:55:00,2026-03-26,LONG,24069.0,24061.0,STOP,-160.7,2359.1,both,55.5
2026-03-27 09:32:00,2026-03-27,LONG,23607.25,23599.25,STOP,-160.7,2198.4,both,60.6
2026-03-27 13:57:00,2026-03-27,LONG,23360.5,23352.5,STOP,-160.7,2037.7,both,50.2
2026-03-27 14:42:00,2026-03-27,LONG,23368.75,23383.75,TARGET,299.3,2337.0,both,52.1
2026-03-27 14:43:00,2026-03-27,SHORT,23370.25,23355.25,TARGET,299.3,2636.3,both,63.4
2026-03-30 10:36:00,2026-03-30,LONG,23308.0,23323.0,TARGET,299.3,2935.6,both,50.3
2026-03-30 15:06:00,2026-03-30,LONG,23100.75,23092.75,STOP,-160.7,2774.9,both,55.5
2026-04-01 13:30:00,2026-04-01,SHORT,24331.5,24316.5,TARGET,299.3,3074.2,both,53.3
2026-04-02 13:16:00,2026-04-02,SHORT,24162.75,24170.75,STOP,-160.7,2913.5,both,53.7
2026-04-06 10:00:00,2026-04-06,SHORT,24398.25,24383.25,TARGET,299.3,3212.8,both,54.0
2026-04-06 11:33:00,2026-04-06,LONG,24271.75,24263.75,STOP,-160.7,3052.1,both,53.1
2026-04-06 13:34:00,2026-04-06,SHORT,24308.75,24316.75,STOP,-160.7,2891.4,both,51.8
2026-04-07 12:03:00,2026-04-07,SHORT,24192.5,24200.5,STOP,-160.7,2730.7,both,65.0
2026-04-07 12:23:00,2026-04-07,SHORT,24184.75,24192.75,STOP,-160.7,2570.0,both,63.1
2026-04-07 12:48:00,2026-04-07,SHORT,24227.5,24212.5,TARGET,299.3,2869.3,both,50.9
2026-04-07 15:20:00,2026-04-07,SHORT,24258.5,24243.5,TARGET,299.3,3168.6,both,57.2
2026-04-08 09:33:00,2026-04-08,LONG,25154.25,25169.25,TARGET,299.3,3467.9,both,54.9
2026-04-08 11:35:00,2026-04-08,SHORT,25038.25,25046.25,STOP,-160.7,3307.2,both,54.0
2026-04-08 14:00:00,2026-04-08,LONG,25093.25,25108.25,TARGET,299.3,3606.5,both,53.6
